dataset,regime,model,method,ratio,seed,accuracy,f1,auc
adult,full,svm,llm_constrained,1.0,42,0.8517904305632332,0.6589399293286219,0.9007865549845154
adult,full,svm,llm_constrained,1.0,123,0.8510533750998096,0.6591707659873507,0.8979900683763579
adult,full,svm,llm_constrained,1.0,456,0.8503777409250046,0.6563205417607223,0.9010752219393159
adult,full,svm,llm_constrained,1.0,789,0.8506234260794792,0.6576576576576577,0.8985844331240078
adult,full,svm,llm_constrained,1.0,1001,0.8485351022664456,0.6509060022650056,0.8987521068997163
adult,full,svm,llm_constrained,0.75,42,0.8506234260794792,0.6428781204111601,0.8945031480390699
adult,full,svm,llm_constrained,0.75,123,0.8469995700509797,0.6277088626513226,0.896518265234027
adult,full,svm,llm_constrained,0.75,456,0.8469995700509797,0.6367215983666327,0.8958265978407531
adult,full,svm,llm_constrained,0.75,789,0.8487807874209201,0.6361217853975761,0.8949528290741602
adult,full,svm,llm_constrained,0.75,1001,0.847122412628217,0.622592873388931,0.8985749924568756
adult,full,svm,llm_constrained,0.5,42,0.8406731773232602,0.6029996939087848,0.886845648333372
adult,full,svm,llm_constrained,0.5,123,0.8420244456728703,0.6021039603960396,0.8825550480804918
adult,full,svm,llm_constrained,0.5,456,0.8405503347460229,0.6037851037851037,0.8826920161647639
adult,full,svm,llm_constrained,0.5,789,0.8390762238191757,0.5975422427035331,0.8834342219687983
adult,full,svm,llm_constrained,0.5,1001,0.837847798046803,0.5997574287446937,0.8832095591825281
adult,full,svm,llm_constrained,0.25,42,0.8306615072784227,0.5665775821411728,0.8703121860298617
adult,full,svm,llm_constrained,0.25,123,0.8329340949573122,0.5756630265210608,0.8686181874295478
adult,full,svm,llm_constrained,0.25,456,0.8337325717093544,0.5790701290623542,0.8726553010652793
adult,full,svm,llm_constrained,0.25,789,0.831951354339414,0.5679090334807327,0.868473785996072
adult,full,svm,llm_constrained,0.25,1001,0.8328112523800749,0.5699842022116903,0.8709720186153647
adult,full,svm,llm_constrained,0.0,42,0.814262023217247,0.5125725338491296,0.8367472897548793
adult,full,svm,llm_constrained,0.0,123,0.814262023217247,0.5125725338491296,0.8367472583905368
adult,full,svm,llm_constrained,0.0,456,0.814262023217247,0.5125725338491296,0.8367472479357557
adult,full,svm,llm_constrained,0.0,789,0.814262023217247,0.5125725338491296,0.8367472583905368
adult,full,svm,llm_constrained,0.0,1001,0.814262023217247,0.5125725338491296,0.8367472583905368
adult,full,svm,llm_sample,1.0,42,0.8517904305632332,0.6589399293286219,0.9007865549845154
adult,full,svm,llm_sample,1.0,123,0.8510533750998096,0.6591707659873507,0.8979900683763579
adult,full,svm,llm_sample,1.0,456,0.8503777409250046,0.6563205417607223,0.9010752219393159
adult,full,svm,llm_sample,1.0,789,0.8506234260794792,0.6576576576576577,0.8985844331240078
adult,full,svm,llm_sample,1.0,1001,0.8485351022664456,0.6509060022650056,0.8987521068997163
adult,full,svm,llm_sample,0.75,42,0.848965051286776,0.6306143908667567,0.8962220708369951
adult,full,svm,llm_sample,0.75,123,0.8412873902094465,0.603802514566084,0.8941641413143456
adult,full,svm,llm_sample,0.75,456,0.8471838339168356,0.6332547169811321,0.897376048640659
adult,full,svm,llm_sample,0.75,789,0.8463853571647934,0.6218055345531529,0.8964744074282472
adult,full,svm,llm_sample,0.75,1001,0.8413488114980652,0.5979766536964981,0.8942091805103649
adult,full,svm,llm_sample,0.5,42,0.8444812972176157,0.6081708449396471,0.8937698183440005
adult,full,svm,llm_sample,0.5,123,0.8404889134574043,0.5897962407202654,0.886179710155837
adult,full,svm,llm_sample,0.5,456,0.8424543946932007,0.5958720655427762,0.8915883133113824
adult,full,svm,llm_sample,0.5,789,0.8404889134574043,0.5845464725643897,0.892113582412215
adult,full,svm,llm_sample,0.5,1001,0.8398747005712179,0.5941148995796357,0.8897221662891446
adult,full,svm,llm_sample,0.25,42,0.8347767336158712,0.5626016260162602,0.8835722668955008
adult,full,svm,llm_sample,0.25,123,0.8325041459369817,0.5637498000319949,0.8771366697048258
adult,full,svm,llm_sample,0.25,456,0.8336711504207358,0.5567921440261866,0.8834240599217856
adult,full,svm,llm_sample,0.25,789,0.8347767336158712,0.5634534242129179,0.883541780754463
adult,full,svm,llm_sample,0.25,1001,0.8337325717093544,0.5526359279457941,0.8818195019718762
adult,full,svm,llm_sample,0.0,42,0.8266077022295928,0.5209570677074495,0.8700960334352257
adult,full,svm,llm_sample,0.0,123,0.8266077022295928,0.5209570677074495,0.8700960961639109
adult,full,svm,llm_sample,0.0,456,0.8266077022295928,0.5209570677074495,0.8700960438900065
adult,full,svm,llm_sample,0.0,789,0.8266077022295928,0.5209570677074495,0.8700960961639109
adult,full,svm,llm_sample,0.0,1001,0.8266077022295928,0.5209570677074495,0.8700960438900065
adult,full,svm,ctgan,1.0,42,0.8517904305632332,0.6589399293286219,0.9007865549845154
adult,full,svm,ctgan,1.0,123,0.8510533750998096,0.6591707659873507,0.8979900683763579
adult,full,svm,ctgan,1.0,456,0.8503777409250046,0.6563205417607223,0.9010752219393159
adult,full,svm,ctgan,1.0,789,0.8506234260794792,0.6576576576576577,0.8985844331240078
adult,full,svm,ctgan,1.0,1001,0.8485351022664456,0.6509060022650056,0.8987521068997163
adult,full,svm,ctgan,0.75,42,0.8508076899453351,0.6353400390331781,0.8997539990059595
adult,full,svm,ctgan,0.75,123,0.8484122596892083,0.6268521318415482,0.89986377420517
adult,full,svm,ctgan,0.75,456,0.8510533750998096,0.6435396148757901,0.8995340826902076
adult,full,svm,ctgan,0.75,789,0.853510226644555,0.6484893146647015,0.9001319916085748
adult,full,svm,ctgan,0.75,1001,0.8491493151526319,0.6292270531400966,0.9006472345745459
adult,full,svm,ctgan,0.5,42,0.8463239358761747,0.6095505617977528,0.8973322849279071
adult,full,svm,ctgan,0.5,123,0.8471838339168356,0.6114928169893816,0.8986678622754078
adult,full,svm,ctgan,0.5,456,0.8492107364412506,0.6213172913774487,0.8996521171663111
adult,full,svm,ctgan,0.5,789,0.8476752042257847,0.6129837702871411,0.8982184530646204
adult,full,svm,ctgan,0.5,1001,0.8465081997420306,0.6078769810136514,0.8964553065435846
adult,full,svm,ctgan,0.25,42,0.8420244456728703,0.5805609915198956,0.8967406384232851
adult,full,svm,ctgan,0.25,123,0.8415944966525398,0.5774209405210552,0.8955174708797762
adult,full,svm,ctgan,0.25,456,0.8405503347460229,0.5769230769230769,0.8949097971960696
adult,full,svm,ctgan,0.25,789,0.8406731773232602,0.5692460976419794,0.894670184073145
adult,full,svm,ctgan,0.25,1001,0.8415944966525398,0.5796251018744907,0.8954539789955089
adult,full,svm,ctgan,0.0,42,0.8325655672256004,0.5250871080139373,0.8913018418605663
adult,full,svm,ctgan,0.0,123,0.8325655672256004,0.5250871080139373,0.8913019150440324
adult,full,svm,ctgan,0.0,456,0.8325655672256004,0.5250871080139373,0.8913019150440324
adult,full,svm,ctgan,0.0,789,0.8325655672256004,0.5250871080139373,0.8913019254988133
adult,full,svm,ctgan,0.0,1001,0.8325655672256004,0.5250871080139373,0.8913018732249088
adult,low,svm,llm_constrained,1.0,42,0.8522203795835637,0.6624579124579124,0.9014013901931228
adult,low,svm,llm_constrained,1.0,123,0.8522203795835637,0.6624579124579124,0.9014013901931228
adult,low,svm,llm_constrained,1.0,456,0.8522203795835637,0.6624579124579124,0.9014013065548758
adult,low,svm,llm_constrained,1.0,789,0.8522203795835637,0.6624579124579124,0.9014013901931227
adult,low,svm,llm_constrained,1.0,1001,0.8522203795835637,0.6624579124579124,0.9014013797383419
adult,low,svm,llm_constrained,0.75,42,0.8469381487623611,0.6357790119847998,0.8932587468355991
adult,low,svm,llm_constrained,0.75,123,0.8485965235550642,0.6382978723404256,0.8930451242979353
adult,low,svm,llm_constrained,0.75,456,0.8469995700509797,0.6377781009160971,0.893536143536614
adult,low,svm,llm_constrained,0.75,789,0.8468153061851238,0.6363371245261009,0.8937761225768694
adult,low,svm,llm_constrained,0.75,1001,0.8465696210306493,0.636813027042745,0.8922171056524609
adult,low,svm,llm_constrained,0.5,42,0.8401203857256925,0.6048276909063307,0.8857276454307067
adult,low,svm,llm_constrained,0.5,123,0.8418401818070144,0.61400089941538,0.885553259685675
adult,low,svm,llm_constrained,0.5,456,0.8387076960874639,0.6030834340991535,0.8856659099496268
adult,low,svm,llm_constrained,0.5,789,0.8403046495915484,0.604261796042618,0.8858790411125894
adult,low,svm,llm_constrained,0.5,1001,0.8401203857256925,0.6056658082108771,0.8832480432309372
adult,low,svm,llm_constrained,0.25,42,0.8293102389288127,0.5689467969598263,0.8675871683037807
adult,low,svm,llm_constrained,0.25,123,0.8321970394938886,0.568676981370382,0.86854980270783
adult,low,svm,llm_constrained,0.25,456,0.8321356182052699,0.5733021077283372,0.8647969022902452
adult,low,svm,llm_constrained,0.25,789,0.8323813033597445,0.5770959243762591,0.8656267923414966
adult,low,svm,llm_constrained,0.25,1001,0.8305386647011854,0.5685691946833463,0.8674684124477967
adult,low,svm,llm_constrained,0.0,42,0.814262023217247,0.5125725338491296,0.8367472897548793
adult,low,svm,llm_constrained,0.0,123,0.814262023217247,0.5125725338491296,0.8367472583905368
adult,low,svm,llm_constrained,0.0,456,0.814262023217247,0.5125725338491296,0.8367472479357557
adult,low,svm,llm_constrained,0.0,789,0.814262023217247,0.5125725338491296,0.8367472583905368
adult,low,svm,llm_constrained,0.0,1001,0.814262023217247,0.5125725338491296,0.8367472583905368
adult,low,svm,llm_sample,1.0,42,0.8522203795835637,0.6624579124579124,0.9014013901931228
adult,low,svm,llm_sample,1.0,123,0.8522203795835637,0.6624579124579124,0.9014013901931228
adult,low,svm,llm_sample,1.0,456,0.8522203795835637,0.6624579124579124,0.9014013065548758
adult,low,svm,llm_sample,1.0,789,0.8522203795835637,0.6624579124579124,0.9014013901931227
adult,low,svm,llm_sample,1.0,1001,0.8522203795835637,0.6624579124579124,0.9014013797383419
adult,low,svm,llm_sample,0.75,42,0.8438056630428107,0.6228681595728904,0.8936595517700885
adult,low,svm,llm_sample,0.75,123,0.8492107364412506,0.6369954162353985,0.8991678726256408
adult,low,svm,llm_sample,0.75,456,0.8477366255144033,0.6381550138665888,0.8969938950352545
adult,low,svm,llm_sample,0.75,789,0.8469381487623611,0.6348182883939039,0.8963634403840166
adult,low,svm,llm_sample,0.75,1001,0.8499477919046742,0.6409992652461426,0.8999369681260914
adult,low,svm,llm_sample,0.5,42,0.8420858669614889,0.5999688812820911,0.8914765203394625
adult,low,svm,llm_sample,0.5,123,0.8399361218598366,0.5950901180857675,0.8911476442974083
adult,low,svm,llm_sample,0.5,456,0.8392604876850316,0.5974465466851253,0.8889326316920791
adult,low,svm,llm_sample,0.5,789,0.8408574411891161,0.6025464028225188,0.8901789043013268
adult,low,svm,llm_sample,0.5,1001,0.839690436705362,0.5985850507536142,0.8895756634447123
adult,low,svm,llm_sample,0.25,42,0.8342853633069222,0.5691472373043756,0.8799082216605913
adult,low,svm,llm_sample,0.25,123,0.833978256863829,0.5619834710743802,0.8825229937223222
adult,low,svm,llm_sample,0.25,456,0.8327498310914563,0.5605938357269646,0.8791419175866352
adult,low,svm,llm_sample,0.25,789,0.8333640439776426,0.5610742598285067,0.8819942536342387
adult,low,svm,llm_sample,0.25,1001,0.8336711504207358,0.5642098487286772,0.8812707096140702
adult,low,svm,llm_sample,0.0,42,0.8266077022295928,0.5209570677074495,0.8700960334352257
adult,low,svm,llm_sample,0.0,123,0.8266077022295928,0.5209570677074495,0.8700960961639109
adult,low,svm,llm_sample,0.0,456,0.8266077022295928,0.5209570677074495,0.8700960438900065
adult,low,svm,llm_sample,0.0,789,0.8266077022295928,0.5209570677074495,0.8700960961639109
adult,low,svm,llm_sample,0.0,1001,0.8266077022295928,0.5209570677074495,0.8700960438900065
adult,low,svm,ctgan,1.0,42,0.8522203795835637,0.6624579124579124,0.9014013901931228
adult,low,svm,ctgan,1.0,123,0.8522203795835637,0.6624579124579124,0.9014013901931228
adult,low,svm,ctgan,1.0,456,0.8522203795835637,0.6624579124579124,0.9014013065548758
adult,low,svm,ctgan,1.0,789,0.8522203795835637,0.6624579124579124,0.9014013901931227
adult,low,svm,ctgan,1.0,1001,0.8522203795835637,0.6624579124579124,0.9014013797383419
adult,low,svm,ctgan,0.75,42,0.8516061666973773,0.6450191007934176,0.8994423942619144
adult,low,svm,ctgan,0.75,123,0.8524046434494196,0.6500655307994757,0.8989772296963452
adult,low,svm,ctgan,0.75,456,0.8511147963884282,0.6434245366284201,0.8987880922554957
adult,low,svm,ctgan,0.75,789,0.8508691112339537,0.6497403346797461,0.89940122333482
adult,low,svm,ctgan,0.75,1001,0.8523432221608009,0.6493582263710619,0.9018851119947492
adult,low,svm,ctgan,0.5,42,0.8481665745347338,0.6198092894494002,0.9001843491512078
adult,low,svm,ctgan,0.5,123,0.8474295190713101,0.6127221702525725,0.899283387499553
adult,low,svm,ctgan,0.5,456,0.8483508384005897,0.6180974477958237,0.9000076110804787
adult,low,svm,ctgan,0.5,789,0.8486579448436828,0.6209230769230769,0.899655786794399
adult,low,svm,ctgan,0.5,1001,0.8490264725753947,0.6261028293276544,0.9006576998102039
adult,low,svm,ctgan,0.25,42,0.8426386585590566,0.5831435079726651,0.8970364982673291
adult,low,svm,ctgan,0.25,123,0.842577237270438,0.5803176682495497,0.8980875069341332
adult,low,svm,ctgan,0.25,456,0.8414102327866838,0.5756081525312294,0.897771333450845
adult,low,svm,ctgan,0.25,789,0.8419630243842516,0.5830497488251499,0.8959424159033108
adult,low,svm,ctgan,0.25,1001,0.8408574411891161,0.5750369033951124,0.8974554108822977
adult,low,svm,ctgan,0.0,42,0.8325655672256004,0.5250871080139373,0.8913018418605663
adult,low,svm,ctgan,0.0,123,0.8325655672256004,0.5250871080139373,0.8913019150440324
adult,low,svm,ctgan,0.0,456,0.8325655672256004,0.5250871080139373,0.8913019150440324
adult,low,svm,ctgan,0.0,789,0.8325655672256004,0.5250871080139373,0.8913019254988133
adult,low,svm,ctgan,0.0,1001,0.8325655672256004,0.5250871080139373,0.8913018732249088
credit,full,svm,llm_constrained,1.0,42,0.804,0.3,0.7056092407263197
credit,full,svm,llm_constrained,1.0,123,0.8015,0.266173752310536,0.706755010545759
credit,full,svm,llm_constrained,1.0,456,0.8041666666666667,0.3043220840734162,0.7045097532345623
credit,full,svm,llm_constrained,1.0,789,0.799,0.24906600249066002,0.7035121836211841
credit,full,svm,llm_constrained,1.0,1001,0.8036666666666666,0.31828703703703703,0.7014396384108488
credit,full,svm,llm_constrained,0.75,42,0.7958333333333333,0.1924851680949242,0.6835838518862305
credit,full,svm,llm_constrained,0.75,123,0.8053333333333333,0.30969267139479906,0.6928512832702608
credit,full,svm,llm_constrained,0.75,456,0.7991666666666667,0.2368587713742875,0.6947764345868641
credit,full,svm,llm_constrained,0.75,789,0.799,0.25555555555555554,0.6908246978626756
credit,full,svm,llm_constrained,0.75,1001,0.8066666666666666,0.32792584009269987,0.6918843535253829
credit,full,svm,llm_constrained,0.5,42,0.7986666666666666,0.2660996354799514,0.6833995288878325
credit,full,svm,llm_constrained,0.5,123,0.8015,0.2768670309653916,0.6787864547914384
credit,full,svm,llm_constrained,0.5,456,0.799,0.2308673469387755,0.6819620352677787
credit,full,svm,llm_constrained,0.5,789,0.8023333333333333,0.2697044334975369,0.6824074421982913
credit,full,svm,llm_constrained,0.5,1001,0.7985,0.24390243902439024,0.6885810531761368
credit,full,svm,llm_constrained,0.25,42,0.7998333333333333,0.280407429598562,0.6729361750575023
credit,full,svm,llm_constrained,0.25,123,0.7981666666666667,0.2520074119827054,0.6735073667113309
credit,full,svm,llm_constrained,0.25,456,0.802,0.2851985559566787,0.6725904283308479
credit,full,svm,llm_constrained,0.25,789,0.8003333333333333,0.27040194884287455,0.6718405578649236
credit,full,svm,llm_constrained,0.25,1001,0.8,0.26380368098159507,0.6728607042235123
credit,full,svm,llm_constrained,0.0,42,0.7996666666666666,0.2785114045618247,0.6683300352471371
credit,full,svm,llm_constrained,0.0,123,0.7996666666666666,0.2785114045618247,0.6683300352471371
credit,full,svm,llm_constrained,0.0,456,0.7996666666666666,0.2785114045618247,0.6683300352471371
credit,full,svm,llm_constrained,0.0,789,0.7996666666666666,0.2785114045618247,0.6683300352471371
credit,full,svm,llm_constrained,0.0,1001,0.7996666666666666,0.2785114045618247,0.6683300352471371
credit,full,svm,llm_sample,1.0,42,0.804,0.3,0.7056092407263197
credit,full,svm,llm_sample,1.0,123,0.8015,0.266173752310536,0.706755010545759
credit,full,svm,llm_sample,1.0,456,0.8041666666666667,0.3043220840734162,0.7045097532345623
credit,full,svm,llm_sample,1.0,789,0.799,0.24906600249066002,0.7035121836211841
credit,full,svm,llm_sample,1.0,1001,0.8036666666666666,0.31828703703703703,0.7014396384108488
credit,full,svm,llm_sample,0.75,42,0.8041666666666667,0.29344558027660855,0.6866673514946047
credit,full,svm,llm_sample,0.75,123,0.8093333333333333,0.36655592469545956,0.6900903085934672
credit,full,svm,llm_sample,0.75,456,0.8058333333333333,0.3222803955788249,0.6886500735114951
credit,full,svm,llm_sample,0.75,789,0.8083333333333333,0.3625277161862528,0.6881928944209799
credit,full,svm,llm_sample,0.75,1001,0.812,0.39289558665231433,0.6897616556881867
credit,full,svm,llm_sample,0.5,42,0.8058333333333333,0.3719676549865229,0.6870321271922222
credit,full,svm,llm_sample,0.5,123,0.8065,0.3624382207578254,0.681601452394272
credit,full,svm,llm_sample,0.5,456,0.8073333333333333,0.35920177383592017,0.6852664644542855
credit,full,svm,llm_sample,0.5,789,0.811,0.40189873417721517,0.6868199057872423
credit,full,svm,llm_sample,0.5,1001,0.8073333333333333,0.37513513513513513,0.6869585915078218
credit,full,svm,llm_sample,0.25,42,0.8056666666666666,0.39080459770114945,0.679921258763204
credit,full,svm,llm_sample,0.25,123,0.808,0.4049586776859504,0.6816395103361983
credit,full,svm,llm_sample,0.25,456,0.81,0.40376569037656906,0.6808678694373923
credit,full,svm,llm_sample,0.25,789,0.8085,0.396216500262743,0.6794490822633703
credit,full,svm,llm_sample,0.25,1001,0.8076666666666666,0.3951781970649895,0.6810313895777036
credit,full,svm,llm_sample,0.0,42,0.8068333333333333,0.4338055691255496,0.6769253246737539
credit,full,svm,llm_sample,0.0,123,0.8068333333333333,0.4338055691255496,0.6769253246737539
credit,full,svm,llm_sample,0.0,456,0.8068333333333333,0.4338055691255496,0.6769253246737539
credit,full,svm,llm_sample,0.0,789,0.8068333333333333,0.4338055691255496,0.6769253246737539
credit,full,svm,llm_sample,0.0,1001,0.8068333333333333,0.4338055691255496,0.6769253246737539
credit,full,svm,ctgan,1.0,42,0.804,0.3,0.7056092407263197
credit,full,svm,ctgan,1.0,123,0.8015,0.266173752310536,0.706755010545759
credit,full,svm,ctgan,1.0,456,0.8041666666666667,0.3043220840734162,0.7045097532345623
credit,full,svm,ctgan,1.0,789,0.799,0.24906600249066002,0.7035121836211841
credit,full,svm,ctgan,1.0,1001,0.8036666666666666,0.31828703703703703,0.7014396384108488
credit,full,svm,ctgan,0.75,42,0.7933333333333333,0.1831357048748353,0.7044931432005859
credit,full,svm,ctgan,0.75,123,0.8071666666666667,0.3292753623188406,0.7046987528444683
credit,full,svm,ctgan,0.75,456,0.7971666666666667,0.24830142063001853,0.7019419709917851
credit,full,svm,ctgan,0.75,789,0.7981666666666667,0.270042194092827,0.6983063087005453
credit,full,svm,ctgan,0.75,1001,0.8035,0.31731325998841925,0.7001888867261801
credit,full,svm,ctgan,0.5,42,0.7946666666666666,0.23383084577114427,0.7027057100297673
credit,full,svm,ctgan,0.5,123,0.7968333333333333,0.24799506477483035,0.6990974623577121
credit,full,svm,ctgan,0.5,456,0.7983333333333333,0.25675675675675674,0.7031030607454744
credit,full,svm,ctgan,0.5,789,0.798,0.2582619339045288,0.7009023118748359
credit,full,svm,ctgan,0.5,1001,0.7996666666666666,0.2552664188351921,0.7068499941381093
credit,full,svm,ctgan,0.25,42,0.794,0.24908869987849333,0.7029584083136607
credit,full,svm,ctgan,0.25,123,0.7915,0.2057142857142857,0.6995770569309722
credit,full,svm,ctgan,0.25,456,0.7963333333333333,0.2466091245376079,0.703636678244774
credit,full,svm,ctgan,0.25,789,0.7881666666666667,0.22262996941896024,0.6947751444871378
credit,full,svm,ctgan,0.25,1001,0.7946666666666666,0.23950617283950618,0.7029269621328316
credit,full,svm,ctgan,0.0,42,0.7961666666666667,0.36135770234986947,0.6938523200266534
credit,full,svm,ctgan,0.0,123,0.7961666666666667,0.36135770234986947,0.6938523200266534
credit,full,svm,ctgan,0.0,456,0.7961666666666667,0.36135770234986947,0.6938523200266534
credit,full,svm,ctgan,0.0,789,0.7961666666666667,0.36135770234986947,0.6938523200266534
credit,full,svm,ctgan,0.0,1001,0.7961666666666667,0.36135770234986947,0.6938523200266534
credit,low,svm,llm_constrained,1.0,42,0.804,0.32646048109965636,0.7041077259073473
credit,low,svm,llm_constrained,1.0,123,0.804,0.32646048109965636,0.7041077259073473
credit,low,svm,llm_constrained,1.0,456,0.804,0.32646048109965636,0.7041077259073473
credit,low,svm,llm_constrained,1.0,789,0.804,0.32646048109965636,0.7041077259073473
credit,low,svm,llm_constrained,1.0,1001,0.804,0.32646048109965636,0.7041077259073473
credit,low,svm,llm_constrained,0.75,42,0.8006666666666666,0.2777777777777778,0.6879271338773576
credit,low,svm,llm_constrained,0.75,123,0.8016666666666666,0.26633785450061653,0.6877405532044384
credit,low,svm,llm_constrained,0.75,456,0.801,0.27548543689320387,0.6877869967945859
credit,low,svm,llm_constrained,0.75,789,0.8001666666666667,0.27465214761040535,0.6839744295783744
credit,low,svm,llm_constrained,0.75,1001,0.8006666666666666,0.28894173602853745,0.687823925899252
credit,low,svm,llm_constrained,0.5,42,0.8,0.26380368098159507,0.6731398495517952
credit,low,svm,llm_constrained,0.5,123,0.8006666666666666,0.2589838909541512,0.6764397633892597
credit,low,svm,llm_constrained,0.5,456,0.8015,0.27598784194528875,0.6771402875406523
credit,low,svm,llm_constrained,0.5,789,0.7993333333333333,0.2558714462299135,0.6713927319974244
credit,low,svm,llm_constrained,0.5,1001,0.8006666666666666,0.27515151515151515,0.6763465536840328
credit,low,svm,llm_constrained,0.25,42,0.8013333333333333,0.279322853688029,0.6723712726398392
credit,low,svm,llm_constrained,0.25,123,0.8005,0.2579045257284563,0.6758476076148782
credit,low,svm,llm_constrained,0.25,456,0.8028333333333333,0.3012404016538689,0.6698071994337753
credit,low,svm,llm_constrained,0.25,789,0.7978333333333333,0.21993569131832796,0.6727800729906173
credit,low,svm,llm_constrained,0.25,1001,0.8016666666666666,0.2857142857142857,0.6729419805062705
credit,low,svm,llm_constrained,0.0,42,0.8005,0.2836624775583483,0.6686064391135016
credit,low,svm,llm_constrained,0.0,123,0.7991666666666667,0.27714457108578283,0.6677581985434452
credit,low,svm,llm_constrained,0.0,456,0.7986666666666666,0.26431181485992694,0.6677809365511216
credit,low,svm,llm_constrained,0.0,789,0.8001666666666667,0.28160575194727383,0.668034279884878
credit,low,svm,llm_constrained,0.0,1001,0.799,0.2743682310469314,0.6664124632664261
credit,low,svm,llm_sample,1.0,42,0.804,0.32646048109965636,0.7041077259073473
credit,low,svm,llm_sample,1.0,123,0.804,0.32646048109965636,0.7041077259073473
credit,low,svm,llm_sample,1.0,456,0.804,0.32646048109965636,0.7041077259073473
credit,low,svm,llm_sample,1.0,789,0.804,0.32646048109965636,0.7041077259073473
credit,low,svm,llm_sample,1.0,1001,0.804,0.32646048109965636,0.7041077259073473
credit,low,svm,llm_sample,0.75,42,0.8053333333333333,0.337116912599319,0.6822013487670113
credit,low,svm,llm_sample,0.75,123,0.8066666666666666,0.3584070796460177,0.6839189552901426
credit,low,svm,llm_sample,0.75,456,0.8048333333333333,0.34835837506956036,0.6844359627554659
credit,low,svm,llm_sample,0.75,789,0.8036666666666666,0.3590859630032644,0.6878423098203521
credit,low,svm,llm_sample,0.75,1001,0.8055,0.346218487394958,0.683502898128404
credit,low,svm,llm_sample,0.5,42,0.8061666666666667,0.3836777954425013,0.6821157183976767
credit,low,svm,llm_sample,0.5,123,0.8073333333333333,0.3844515441959531,0.679980442088149
credit,low,svm,llm_sample,0.5,456,0.8071666666666667,0.38095238095238093,0.6826454655977976
credit,low,svm,llm_sample,0.5,789,0.8065,0.3734484619535888,0.6807994941518973
credit,low,svm,llm_sample,0.5,1001,0.808,0.3793103448275862,0.6774620061599037
credit,low,svm,llm_sample,0.25,42,0.8075,0.4037170882808467,0.6806167837781569
credit,low,svm,llm_sample,0.25,123,0.8088333333333333,0.40539139450492484,0.6799746366393806
credit,low,svm,llm_sample,0.25,456,0.8085,0.4164550533265617,0.67950310518941
credit,low,svm,llm_sample,0.25,789,0.8058333333333333,0.3865192206424434,0.6778624208624606
credit,low,svm,llm_sample,0.25,1001,0.8096666666666666,0.41435897435897434,0.679663077555474
credit,low,svm,llm_sample,0.0,42,0.8066666666666666,0.43192948090107736,0.6765544210024366
credit,low,svm,llm_sample,0.0,123,0.8061666666666667,0.4318514899853444,0.6771839896688814
credit,low,svm,llm_sample,0.0,456,0.8061666666666667,0.4318514899853444,0.6766495658572527
credit,low,svm,llm_sample,0.0,789,0.8065,0.432828529555447,0.6764978178769442
credit,low,svm,llm_sample,0.0,1001,0.807,0.436222005842259,0.6769061344403249
credit,low,svm,ctgan,1.0,42,0.804,0.32646048109965636,0.7041077259073473
credit,low,svm,ctgan,1.0,123,0.804,0.32646048109965636,0.7041077259073473
credit,low,svm,ctgan,1.0,456,0.804,0.32646048109965636,0.7041077259073473
credit,low,svm,ctgan,1.0,789,0.804,0.32646048109965636,0.7041077259073473
credit,low,svm,ctgan,1.0,1001,0.804,0.32646048109965636,0.7041077259073473
credit,low,svm,ctgan,0.75,42,0.8026666666666666,0.29691211401425177,0.7025452538763062
credit,low,svm,ctgan,0.75,123,0.8018333333333333,0.31311380704794917,0.7027681186040282
credit,low,svm,ctgan,0.75,456,0.7986666666666666,0.27923627684964203,0.7016552463276101
credit,low,svm,ctgan,0.75,789,0.8031666666666667,0.32243258749282844,0.7019072995616402
credit,low,svm,ctgan,0.75,1001,0.8015,0.2965150620200827,0.7017552290564001
credit,low,svm,ctgan,0.5,42,0.7991666666666667,0.28656009473060984,0.706027233037648
credit,low,svm,ctgan,0.5,123,0.8003333333333333,0.29694835680751175,0.700461742818297
credit,low,svm,ctgan,0.5,456,0.8006666666666666,0.2997658079625293,0.701071314938984
credit,low,svm,ctgan,0.5,789,0.8008333333333333,0.3064422518862449,0.701530106654157
credit,low,svm,ctgan,0.5,1001,0.7986666666666666,0.2843601895734597,0.7005035097969367
credit,low,svm,ctgan,0.25,42,0.796,0.2825322391559203,0.698994576904538
credit,low,svm,ctgan,0.25,123,0.7961666666666667,0.25015328019619865,0.7000959995458849
credit,low,svm,ctgan,0.25,456,0.7941666666666667,0.2970973249857712,0.6963234254211893
credit,low,svm,ctgan,0.25,789,0.7893333333333333,0.19387755102040816,0.6918362973105775
credit,low,svm,ctgan,0.25,1001,0.7978333333333333,0.28772753963593656,0.7012798273072507
credit,low,svm,ctgan,0.0,42,0.7955,0.35522858644245925,0.6924748160438736
credit,low,svm,ctgan,0.0,123,0.7955,0.3625974025974026,0.695122423207217
credit,low,svm,ctgan,0.0,456,0.7961666666666667,0.365334717176959,0.694007938306141
credit,low,svm,ctgan,0.0,789,0.7958333333333333,0.3656136716727084,0.6936410661964684
credit,low,svm,ctgan,0.0,1001,0.7953333333333333,0.3597497393117831,0.6938107143104796
heart,full,svm,llm_constrained,1.0,42,0.8852459016393442,0.8813559322033898,0.9556277056277057
heart,full,svm,llm_constrained,1.0,123,0.8852459016393442,0.8813559322033898,0.9556277056277057
heart,full,svm,llm_constrained,1.0,456,0.8852459016393442,0.8813559322033898,0.9556277056277057
heart,full,svm,llm_constrained,1.0,789,0.8852459016393442,0.8813559322033898,0.9556277056277057
heart,full,svm,llm_constrained,1.0,1001,0.8852459016393442,0.8813559322033898,0.9556277056277057
heart,full,svm,llm_constrained,0.75,42,0.9180327868852459,0.9122807017543859,0.9632034632034633
heart,full,svm,llm_constrained,0.75,123,0.9016393442622951,0.896551724137931,0.9632034632034632
heart,full,svm,llm_constrained,0.75,456,0.8852459016393442,0.8813559322033898,0.9567099567099567
heart,full,svm,llm_constrained,0.75,789,0.8852459016393442,0.8813559322033898,0.9588744588744589
heart,full,svm,llm_constrained,0.75,1001,0.9016393442622951,0.896551724137931,0.9621212121212122
heart,full,svm,llm_constrained,0.5,42,0.9016393442622951,0.8928571428571429,0.9761904761904762
heart,full,svm,llm_constrained,0.5,123,0.9180327868852459,0.9122807017543859,0.9686147186147186
heart,full,svm,llm_constrained,0.5,456,0.9180327868852459,0.9122807017543859,0.974025974025974
heart,full,svm,llm_constrained,0.5,789,0.9180327868852459,0.9122807017543859,0.9761904761904762
heart,full,svm,llm_constrained,0.5,1001,0.9180327868852459,0.9122807017543859,0.975108225108225
heart,full,svm,llm_constrained,0.25,42,0.9016393442622951,0.8928571428571429,0.9761904761904762
heart,full,svm,llm_constrained,0.25,123,0.8852459016393442,0.8727272727272727,0.9761904761904762
heart,full,svm,llm_constrained,0.25,456,0.9016393442622951,0.8928571428571429,0.975108225108225
heart,full,svm,llm_constrained,0.25,789,0.9344262295081968,0.9310344827586207,0.974025974025974
heart,full,svm,llm_constrained,0.25,1001,0.9016393442622951,0.896551724137931,0.972943722943723
heart,full,svm,llm_constrained,0.0,42,0.8852459016393442,0.8727272727272727,0.9696969696969697
heart,full,svm,llm_constrained,0.0,123,0.8852459016393442,0.8727272727272727,0.9632034632034632
heart,full,svm,llm_constrained,0.0,456,0.8852459016393442,0.8727272727272727,0.9642857142857142
heart,full,svm,llm_constrained,0.0,789,0.8852459016393442,0.8727272727272727,0.9664502164502164
heart,full,svm,llm_constrained,0.0,1001,0.8852459016393442,0.8727272727272727,0.9599567099567099
heart,full,svm,llm_sample,1.0,42,0.8852459016393442,0.8813559322033898,0.9556277056277057
heart,full,svm,llm_sample,1.0,123,0.8852459016393442,0.8813559322033898,0.9556277056277057
heart,full,svm,llm_sample,1.0,456,0.8852459016393442,0.8813559322033898,0.9556277056277057
heart,full,svm,llm_sample,1.0,789,0.8852459016393442,0.8813559322033898,0.9556277056277057
heart,full,svm,llm_sample,1.0,1001,0.8852459016393442,0.8813559322033898,0.9556277056277057
heart,full,svm,llm_sample,0.75,42,0.8852459016393442,0.8813559322033898,0.9556277056277057
heart,full,svm,llm_sample,0.75,123,0.8852459016393442,0.8813559322033898,0.9556277056277056
heart,full,svm,llm_sample,0.75,456,0.8688524590163934,0.8620689655172413,0.9534632034632036
heart,full,svm,llm_sample,0.75,789,0.9016393442622951,0.9,0.9588744588744589
heart,full,svm,llm_sample,0.75,1001,0.8688524590163934,0.8620689655172413,0.948051948051948
heart,full,svm,llm_sample,0.5,42,0.9016393442622951,0.896551724137931,0.9632034632034632
heart,full,svm,llm_sample,0.5,123,0.8852459016393442,0.8813559322033898,0.9577922077922079
heart,full,svm,llm_sample,0.5,456,0.9016393442622951,0.896551724137931,0.9567099567099568
heart,full,svm,llm_sample,0.5,789,0.8852459016393442,0.8813559322033898,0.95995670995671
heart,full,svm,llm_sample,0.5,1001,0.9016393442622951,0.896551724137931,0.95995670995671
heart,full,svm,llm_sample,0.25,42,0.9180327868852459,0.9152542372881356,0.9577922077922079
heart,full,svm,llm_sample,0.25,123,0.9016393442622951,0.9,0.9610389610389609
heart,full,svm,llm_sample,0.25,456,0.9180327868852459,0.9152542372881356,0.9567099567099567
heart,full,svm,llm_sample,0.25,789,0.9016393442622951,0.9,0.9632034632034632
heart,full,svm,llm_sample,0.25,1001,0.9016393442622951,0.896551724137931,0.9567099567099566
heart,full,svm,llm_sample,0.0,42,0.819672131147541,0.8,0.8928571428571429
heart,full,svm,llm_sample,0.0,123,0.8032786885245902,0.7857142857142857,0.8560606060606061
heart,full,svm,llm_sample,0.0,456,0.7540983606557377,0.7540983606557377,0.8614718614718615
heart,full,svm,llm_sample,0.0,789,0.8360655737704918,0.8275862068965517,0.9058441558441559
heart,full,svm,llm_sample,0.0,1001,0.7704918032786885,0.75,0.8538961038961039
heart,full,svm,ctgan,1.0,42,0.8852459016393442,0.8813559322033898,0.9556277056277057
heart,full,svm,ctgan,1.0,123,0.8852459016393442,0.8813559322033898,0.9556277056277057
heart,full,svm,ctgan,1.0,456,0.8852459016393442,0.8813559322033898,0.9556277056277057
heart,full,svm,ctgan,1.0,789,0.8852459016393442,0.8813559322033898,0.9556277056277057
heart,full,svm,ctgan,1.0,1001,0.8852459016393442,0.8813559322033898,0.9556277056277057
heart,full,svm,ctgan,0.75,42,0.8688524590163934,0.8571428571428571,0.9372294372294372
heart,full,svm,ctgan,0.75,123,0.8852459016393442,0.8813559322033898,0.9523809523809523
heart,full,svm,ctgan,0.75,456,0.8524590163934426,0.8421052631578947,0.9415584415584416
heart,full,svm,ctgan,0.75,789,0.8852459016393442,0.8771929824561403,0.9383116883116883
heart,full,svm,ctgan,0.75,1001,0.8360655737704918,0.8214285714285714,0.9264069264069263
heart,full,svm,ctgan,0.5,42,0.8360655737704918,0.8214285714285714,0.9112554112554112
heart,full,svm,ctgan,0.5,123,0.8688524590163934,0.8571428571428571,0.9404761904761905
heart,full,svm,ctgan,0.5,456,0.8688524590163934,0.8571428571428571,0.9188311688311688
heart,full,svm,ctgan,0.5,789,0.8688524590163934,0.8571428571428571,0.922077922077922
heart,full,svm,ctgan,0.5,1001,0.8852459016393442,0.8771929824561403,0.9491341991341992
heart,full,svm,ctgan,0.25,42,0.8360655737704918,0.8275862068965517,0.9209956709956709
heart,full,svm,ctgan,0.25,123,0.8688524590163934,0.8571428571428571,0.9339826839826839
heart,full,svm,ctgan,0.25,456,0.8524590163934426,0.8421052631578947,0.9025974025974025
heart,full,svm,ctgan,0.25,789,0.8360655737704918,0.8275862068965517,0.9134199134199135
heart,full,svm,ctgan,0.25,1001,0.8688524590163934,0.8571428571428571,0.9080086580086579
heart,full,svm,ctgan,0.0,42,0.45901639344262296,0.05714285714285714,0.15909090909090903
heart,full,svm,ctgan,0.0,123,0.6721311475409836,0.5,0.6764069264069263
heart,full,svm,ctgan,0.0,456,0.6065573770491803,0.6,0.6904761904761905
heart,full,svm,ctgan,0.0,789,0.4918032786885246,0.16216216216216217,0.33549783549783546
heart,full,svm,ctgan,0.0,1001,0.7213114754098361,0.5853658536585366,0.8235930735930737
heart,low,svm,llm_constrained,1.0,42,0.7213114754098361,0.6792452830188679,0.7478354978354979
heart,low,svm,llm_constrained,1.0,123,0.7213114754098361,0.6792452830188679,0.7478354978354979
heart,low,svm,llm_constrained,1.0,456,0.7213114754098361,0.6792452830188679,0.7478354978354979
heart,low,svm,llm_constrained,1.0,789,0.7213114754098361,0.6792452830188679,0.7478354978354979
heart,low,svm,llm_constrained,1.0,1001,0.7213114754098361,0.6792452830188679,0.7478354978354979
heart,low,svm,llm_constrained,0.75,42,0.8360655737704918,0.8275862068965517,0.9058441558441559
heart,low,svm,llm_constrained,0.75,123,0.6065573770491803,0.5862068965517241,0.6287878787878788
heart,low,svm,llm_constrained,0.75,456,0.7049180327868853,0.6538461538461539,0.8311688311688312
heart,low,svm,llm_constrained,0.75,789,0.7704918032786885,0.7407407407407407,0.8430735930735931
heart,low,svm,llm_constrained,0.75,1001,0.7540983606557377,0.7368421052631579,0.8452380952380953
heart,low,svm,llm_constrained,0.5,42,0.8032786885245902,0.8,0.8939393939393939
heart,low,svm,llm_constrained,0.5,123,0.819672131147541,0.7924528301886793,0.9242424242424243
heart,low,svm,llm_constrained,0.5,456,0.819672131147541,0.8,0.8885281385281385
heart,low,svm,llm_constrained,0.5,789,0.8032786885245902,0.8,0.8906926406926406
heart,low,svm,llm_constrained,0.5,1001,0.819672131147541,0.8,0.9036796536796537
heart,low,svm,llm_constrained,0.25,42,0.819672131147541,0.8070175438596491,0.9458874458874459
heart,low,svm,llm_constrained,0.25,123,0.9016393442622951,0.9,0.9556277056277056
heart,low,svm,llm_constrained,0.25,456,0.8852459016393442,0.8771929824561403,0.949134199134199
heart,low,svm,llm_constrained,0.25,789,0.8360655737704918,0.8148148148148148,0.9350649350649352
heart,low,svm,llm_constrained,0.25,1001,0.9016393442622951,0.896551724137931,0.9588744588744589
heart,low,svm,llm_constrained,0.0,42,0.8524590163934426,0.847457627118644,0.948051948051948
heart,low,svm,llm_constrained,0.0,123,0.9180327868852459,0.9152542372881356,0.9610389610389611
heart,low,svm,llm_constrained,0.0,456,0.8688524590163934,0.8518518518518519,0.9686147186147186
heart,low,svm,llm_constrained,0.0,789,0.8360655737704918,0.8387096774193549,0.9231601731601732
heart,low,svm,llm_constrained,0.0,1001,0.8688524590163934,0.8620689655172413,0.9296536796536797
heart,low,svm,llm_sample,1.0,42,0.7213114754098361,0.6792452830188679,0.7478354978354979
heart,low,svm,llm_sample,1.0,123,0.7213114754098361,0.6792452830188679,0.7478354978354979
heart,low,svm,llm_sample,1.0,456,0.7213114754098361,0.6792452830188679,0.7478354978354979
heart,low,svm,llm_sample,1.0,789,0.7213114754098361,0.6792452830188679,0.7478354978354979
heart,low,svm,llm_sample,1.0,1001,0.7213114754098361,0.6792452830188679,0.7478354978354979
heart,low,svm,llm_sample,0.75,42,0.7049180327868853,0.6538461538461539,0.8225108225108225
heart,low,svm,llm_sample,0.75,123,0.7213114754098361,0.6792452830188679,0.775974025974026
heart,low,svm,llm_sample,0.75,456,0.7213114754098361,0.6909090909090909,0.777056277056277
heart,low,svm,llm_sample,0.75,789,0.7377049180327869,0.7142857142857143,0.8095238095238095
heart,low,svm,llm_sample,0.75,1001,0.7377049180327869,0.6923076923076923,0.7586580086580087
heart,low,svm,llm_sample,0.5,42,0.7540983606557377,0.7058823529411765,0.8441558441558442
heart,low,svm,llm_sample,0.5,123,0.7377049180327869,0.7037037037037037,0.8192640692640694
heart,low,svm,llm_sample,0.5,456,0.7049180327868853,0.6538461538461539,0.7738095238095238
heart,low,svm,llm_sample,0.5,789,0.7377049180327869,0.7037037037037037,0.7900432900432901
heart,low,svm,llm_sample,0.5,1001,0.7213114754098361,0.6909090909090909,0.7857142857142857
heart,low,svm,llm_sample,0.25,42,0.7213114754098361,0.7017543859649122,0.7835497835497836
heart,low,svm,llm_sample,0.25,123,0.6557377049180327,0.631578947368421,0.7142857142857143
heart,low,svm,llm_sample,0.25,456,0.8360655737704918,0.8275862068965517,0.9307359307359307
heart,low,svm,llm_sample,0.25,789,0.7213114754098361,0.6909090909090909,0.8225108225108225
heart,low,svm,llm_sample,0.25,1001,0.8360655737704918,0.8275862068965517,0.9155844155844157
heart,low,svm,llm_sample,0.0,42,0.8524590163934426,0.8421052631578947,0.9329004329004329
heart,low,svm,llm_sample,0.0,123,0.8360655737704918,0.8214285714285714,0.9307359307359307
heart,low,svm,llm_sample,0.0,456,0.8524590163934426,0.847457627118644,0.9307359307359307
heart,low,svm,llm_sample,0.0,789,0.8360655737704918,0.8076923076923077,0.9415584415584416
heart,low,svm,llm_sample,0.0,1001,0.8688524590163934,0.8571428571428571,0.9437229437229437
heart,low,svm,ctgan,1.0,42,0.7213114754098361,0.6792452830188679,0.7478354978354979
heart,low,svm,ctgan,1.0,123,0.7213114754098361,0.6792452830188679,0.7478354978354979
heart,low,svm,ctgan,1.0,456,0.7213114754098361,0.6792452830188679,0.7478354978354979
heart,low,svm,ctgan,1.0,789,0.7213114754098361,0.6792452830188679,0.7478354978354979
heart,low,svm,ctgan,1.0,1001,0.7213114754098361,0.6792452830188679,0.7478354978354979
heart,low,svm,ctgan,0.75,42,0.6885245901639344,0.6415094339622641,0.8041125541125541
heart,low,svm,ctgan,0.75,123,0.6885245901639344,0.6415094339622641,0.788961038961039
heart,low,svm,ctgan,0.75,456,0.7049180327868853,0.6666666666666666,0.8333333333333333
heart,low,svm,ctgan,0.75,789,0.7540983606557377,0.7169811320754716,0.8658008658008658
heart,low,svm,ctgan,0.75,1001,0.639344262295082,0.56,0.7716450216450217
heart,low,svm,ctgan,0.5,42,0.7704918032786885,0.7407407407407407,0.8365800865800866
heart,low,svm,ctgan,0.5,123,0.6557377049180327,0.6037735849056604,0.7283549783549783
heart,low,svm,ctgan,0.5,456,0.8032786885245902,0.7777777777777778,0.8701298701298701
heart,low,svm,ctgan,0.5,789,0.639344262295082,0.56,0.7077922077922078
heart,low,svm,ctgan,0.5,1001,0.7377049180327869,0.7037037037037037,0.8474025974025974
heart,low,svm,ctgan,0.25,42,0.7540983606557377,0.7272727272727273,0.8484848484848484
heart,low,svm,ctgan,0.25,123,0.8032786885245902,0.76,0.9015151515151515
heart,low,svm,ctgan,0.25,456,0.7704918032786885,0.72,0.8906926406926406
heart,low,svm,ctgan,0.25,789,0.8032786885245902,0.7857142857142857,0.8820346320346321
heart,low,svm,ctgan,0.25,1001,0.7704918032786885,0.72,0.8311688311688312
heart,low,svm,ctgan,0.0,42,0.5081967213114754,0.5833333333333334,0.5378787878787878
heart,low,svm,ctgan,0.0,123,0.6065573770491803,0.3333333333333333,0.5086580086580086
heart,low,svm,ctgan,0.0,456,0.5245901639344263,0.5396825396825397,0.5400432900432901
heart,low,svm,ctgan,0.0,789,0.5901639344262295,0.6153846153846154,0.5584415584415585
heart,low,svm,ctgan,0.0,1001,0.4426229508196721,0.32,0.30627705627705626
