age,workclass,fnlwgt,education,education-num,marital-status,occupation,relationship,race,sex,capital-gain,capital-loss,hours-per-week,native-country,income
41,Private,159212,Doctorate,16,Married-civ-spouse,Prof-specialty,Wife,Black,Female,0,0,45,United-States,>50K
35,Local-gov,157085,HS-grad,9,Never-married,Other-service,Not-in-family,White,Female,0,0,30,United-States,<=50K
37,Self-emp-not-inc,202362,Assoc-acdm,12,Divorced,Craft-repair,Unmarried,White,Female,0,0,50,United-States,<=50K
51,Private,287329,9th,5,Married-civ-spouse,Priv-house-serv,Husband,White,Male,0,0,25,United-States,<=50K
39,Private,202716,Assoc-voc,11,Divorced,Handlers-cleaners,Other-relative,White,Female,0,0,48,United-States,>50K
55,Private,48498,HS-grad,9,Married-civ-spouse,Other-service,Husband,White,Male,0,0,40,United-States,<=50K
64,Private,418295,HS-grad,9,Married-civ-spouse,Transport-moving,Wife,White,Female,0,0,35,Mexico,<=50K
62,Self-emp-inc,104230,Bachelors,13,Married-AF-spouse,Exec-managerial,Husband,White,Male,0,0,35,United-States,<=50K
32,Private,144330,HS-grad,9,Never-married,Machine-op-inspct,Not-in-family,White,Male,0,0,45,United-States,<=50K
54,State-gov,119395,HS-grad,9,Married-civ-spouse,Tech-support,Husband,White,Male,6893,0,55,Japan,>50K
51,Self-emp-not-inc,129489,Assoc-acdm,12,Divorced,Other-service,Other-relative,White,Male,0,0,38,Mexico,<=50K
57,Private,227631,Bachelors,13,Never-married,Exec-managerial,Unmarried,White,Female,0,0,46,United-States,<=50K
53,Private,123328,Bachelors,13,Married-civ-spouse,Protective-serv,Husband,White,Male,0,0,30,United-States,<=50K
50,Private,176240,Doctorate,16,Divorced,Sales,Other-relative,White,Male,0,0,45,United-States,>50K
27,Private,245646,Some-college,10,Never-married,Sales,Not-in-family,White,Male,0,0,38,United-States,<=50K
37,Private,116428,HS-grad,9,Married-civ-spouse,Protective-serv,Wife,White,Female,0,0,35,United-States,<=50K
45,Self-emp-not-inc,354442,Masters,14,Married-civ-spouse,Exec-managerial,Husband,White,Male,0,0,55,United-States,>50K
31,Private,149717,Some-college,10,Married-civ-spouse,Exec-managerial,Wife,Asian-Pac-Islander,Female,0,0,55,United-States,>50K
64,Private,267631,Doctorate,16,Married-civ-spouse,Sales,Husband,White,Male,0,0,48,United-States,>50K
42,Private,235062,Bachelors,13,Married-civ-spouse,Prof-specialty,Husband,White,Male,0,2292,40,United-States,>50K
58,Private,299654,Assoc-voc,11,Married-civ-spouse,Craft-repair,Husband,White,Male,0,0,45,United-States,<=50K
47,Federal-gov,135114,Doctorate,16,Divorced,Transport-moving,Unmarried,White,Male,0,0,40,United-States,<=50K
35,Private,273272,Doctorate,16,Divorced,Prof-specialty,Unmarried,White,Male,0,0,80,United-States,>50K
43,Private,156552,Bachelors,13,Married-civ-spouse,Prof-specialty,Husband,White,Male,0,0,80,United-States,<=50K
50,Self-emp-not-inc,178421,HS-grad,9,Married-civ-spouse,Handlers-cleaners,Husband,White,Male,0,0,55,United-States,>50K
27,Private,219386,Bachelors,13,Never-married,Prof-specialty,Not-in-family,White,Female,0,0,45,United-States,<=50K
33,Private,89507,Bachelors,13,Married-civ-spouse,Protective-serv,Husband,White,Male,0,0,55,United-States,<=50K
30,Private,109941,Bachelors,13,Never-married,Prof-specialty,Unmarried,White,Male,0,0,38,United-States,<=50K
46,Private,107330,Bachelors,13,Divorced,Craft-repair,Unmarried,White,Male,0,0,38,United-States,<=50K
57,Private,161620,7th-8th,4,Married-civ-spouse,Transport-moving,Wife,Black,Female,0,2407,48,United-States,<=50K
45,Private,179400,11th,7,Married-civ-spouse,Farming-fishing,Wife,White,Female,14203,0,40,United-States,>50K
31,Private,228183,Bachelors,13,Married-civ-spouse,Prof-specialty,Husband,White,Male,0,0,60,Vietnam,<=50K
18,Private,119011,11th,7,Never-married,Machine-op-inspct,Not-in-family,White,Male,0,0,48,Mexico,<=50K
74,Private,247413,HS-grad,9,Widowed,Adm-clerical,Unmarried,Asian-Pac-Islander,Male,0,0,40,United-States,<=50K
51,State-gov,109910,10th,6,Married-civ-spouse,Handlers-cleaners,Husband,White,Male,0,0,35,United-States,<=50K
34,Private,124839,HS-grad,9,Divorced,Adm-clerical,Not-in-family,White,Male,0,0,50,Cuba,>50K
45,Private,185207,10th,6,Married-civ-spouse,Handlers-cleaners,Husband,White,Male,0,0,41,United-States,<=50K
36,Private,195636,Assoc-acdm,12,Never-married,Handlers-cleaners,Unmarried,Black,Female,0,0,40,United-States,<=50K
62,Private,204759,Masters,14,Married-spouse-absent,Exec-managerial,Other-relative,White,Male,0,0,40,United-States,<=50K
25,Private,171443,HS-grad,9,Separated,Prof-specialty,Unmarried,White,Male,0,0,45,United-States,<=50K
54,Self-emp-inc,114626,Assoc-acdm,12,Divorced,Exec-managerial,Not-in-family,White,Male,0,0,50,United-States,<=50K
28,Private,454892,11th,7,Married-civ-spouse,Handlers-cleaners,Husband,Asian-Pac-Islander,Male,0,0,40,United-States,<=50K
49,Federal-gov,75550,11th,7,Married-AF-spouse,Craft-repair,Husband,Black,Male,0,0,40,United-States,>50K
70,Self-emp-not-inc,214549,Bachelors,13,Divorced,Prof-specialty,Not-in-family,White,Male,0,0,45,United-States,<=50K
23,Self-emp-not-inc,91324,Some-college,10,Divorced,Craft-repair,Not-in-family,White,Male,0,0,50,United-States,<=50K
54,Private,183971,Preschool,1,Divorced,Handlers-cleaners,Not-in-family,Black,Male,0,0,40,United-States,<=50K
38,Private,155740,HS-grad,9,Never-married,Exec-managerial,Not-in-family,White,Male,7658,0,76,United-States,>50K
74,Private,147548,HS-grad,9,Never-married,Other-service,Own-child,White,Male,0,0,30,United-States,<=50K
28,Private,303680,Assoc-acdm,12,Married-civ-spouse,Other-service,Husband,White,Male,0,0,25,United-States,<=50K
54,Private,248162,Assoc-voc,11,Married-civ-spouse,Other-service,Husband,White,Male,0,0,40,Jamaica,<=50K
36,Federal-gov,310711,Some-college,10,Married-civ-spouse,Craft-repair,Husband,Black,Male,0,0,48,United-States,<=50K
38,Private,243555,Bachelors,13,Married-civ-spouse,Exec-managerial,Wife,White,Female,0,0,50,United-States,>50K
39,Local-gov,169126,HS-grad,9,Married-spouse-absent,Prof-specialty,Not-in-family,White,Male,0,0,45,Philippines,<=50K
31,Private,138555,HS-grad,9,Married-civ-spouse,Protective-serv,Wife,Black,Female,0,0,40,United-States,>50K
66,Local-gov,75031,Bachelors,13,Widowed,Protective-serv,Own-child,White,Male,0,0,40,United-States,>50K
63,Federal-gov,290414,Masters,14,Widowed,Exec-managerial,Unmarried,White,Male,0,0,50,Philippines,<=50K
38,Private,353979,Doctorate,16,Married-civ-spouse,Prof-specialty,Husband,White,Male,0,0,40,United-States,>50K
34,Private,320077,HS-grad,9,Married-civ-spouse,Handlers-cleaners,Husband,White,Male,0,0,43,United-States,<=50K
38,Private,127726,Masters,14,Married-civ-spouse,Adm-clerical,Husband,White,Male,0,0,30,Mexico,<=50K
48,Private,291616,Doctorate,16,Married-civ-spouse,Prof-specialty,Husband,Asian-Pac-Islander,Male,0,0,50,United-States,>50K
30,Private,230446,Assoc-voc,11,Married-civ-spouse,Machine-op-inspct,Husband,White,Male,0,2547,50,United-States,<=50K
34,Private,269695,HS-grad,9,Never-married,Protective-serv,Not-in-family,White,Male,0,0,40,United-States,<=50K
36,Private,151056,Bachelors,13,Divorced,Exec-managerial,Not-in-family,White,Male,0,0,45,United-States,>50K
30,Private,135263,Some-college,10,Married-civ-spouse,Handlers-cleaners,Husband,White,Male,0,1840,28,United-States,<=50K
47,Private,93547,9th,5,Married-civ-spouse,Craft-repair,Wife,White,Female,0,0,40,United-States,<=50K
64,Private,107896,Bachelors,13,Married-civ-spouse,Prof-specialty,Husband,Asian-Pac-Islander,Male,0,0,40,United-States,>50K
52,Private,113179,10th,6,Married-civ-spouse,Machine-op-inspct,Wife,White,Female,0,0,40,United-States,<=50K
51,Private,313597,Some-college,10,Married-spouse-absent,Exec-managerial,Own-child,White,Male,0,0,52,United-States,<=50K
31,Private,132893,Some-college,10,Divorced,Exec-managerial,Not-in-family,White,Male,0,0,35,United-States,<=50K
28,Federal-gov,189267,Bachelors,13,Never-married,Other-service,Own-child,White,Male,0,0,38,India,<=50K
24,Federal-gov,99658,Some-college,10,Never-married,Prof-specialty,Own-child,White,Male,0,0,40,United-States,<=50K
32,Private,103886,Some-college,10,Divorced,Other-service,Not-in-family,White,Male,0,1753,30,United-States,<=50K
50,Private,234797,HS-grad,9,Married-civ-spouse,Other-service,Husband,White,Male,0,0,40,United-States,<=50K
53,State-gov,147519,HS-grad,9,Widowed,Other-service,Not-in-family,White,Male,0,0,30,United-States,<=50K
21,Private,219239,HS-grad,9,Never-married,Farming-fishing,Own-child,White,Male,0,0,40,United-States,<=50K
30,Local-gov,216872,Some-college,10,Never-married,Handlers-cleaners,Own-child,White,Male,0,0,40,United-States,<=50K
35,Private,136687,HS-grad,9,Married-spouse-absent,Prof-specialty,Other-relative,White,Male,0,0,50,United-States,<=50K
30,Self-emp-not-inc,197047,11th,7,Married-civ-spouse,Other-service,Husband,Black,Male,0,0,25,United-States,<=50K
53,Private,88636,7th-8th,4,Divorced,Farming-fishing,Not-in-family,White,Male,0,1606,40,United-States,<=50K
35,Private,147225,Bachelors,13,Married-civ-spouse,Prof-specialty,Husband,Asian-Pac-Islander,Male,0,0,40,Dominican-Republic,>50K
28,Private,138102,Bachelors,13,Married-civ-spouse,Sales,Husband,Black,Male,0,2234,35,United-States,>50K
35,Private,311157,HS-grad,9,Married-civ-spouse,Transport-moving,Husband,White,Male,0,0,40,Cuba,<=50K
41,Private,229410,HS-grad,9,Never-married,Craft-repair,Own-child,White,Male,0,0,45,United-States,>50K
55,Private,241084,Assoc-voc,11,Divorced,Craft-repair,Unmarried,Black,Female,0,0,35,United-States,<=50K
48,Federal-gov,435919,5th-6th,3,Married-spouse-absent,Craft-repair,Not-in-family,White,Male,0,0,41,United-States,<=50K
45,Private,130185,Prof-school,15,Married-civ-spouse,Prof-specialty,Husband,White,Male,0,0,45,United-States,>50K
36,Private,328750,Masters,14,Widowed,Adm-clerical,Not-in-family,White,Female,0,0,48,United-States,>50K
52,Federal-gov,239144,Assoc-voc,11,Married-civ-spouse,Craft-repair,Husband,White,Male,0,0,40,United-States,<=50K
26,Local-gov,207918,Some-college,10,Never-married,Other-service,Not-in-family,White,Male,0,0,25,United-States,<=50K
31,Private,171584,Some-college,10,Never-married,Protective-serv,Own-child,White,Male,0,0,50,United-States,<=50K
35,Private,214255,Prof-school,15,Widowed,Sales,Unmarried,Asian-Pac-Islander,Female,0,0,40,United-States,>50K
55,Private,234085,10th,6,Married-spouse-absent,Other-service,Unmarried,White,Male,0,0,40,United-States,<=50K
50,Private,152362,HS-grad,9,Married-civ-spouse,Sales,Wife,White,Female,0,0,40,United-States,<=50K
28,Private,264052,HS-grad,9,Never-married,Farming-fishing,Other-relative,White,Male,10341,0,50,United-States,<=50K
48,Private,325521,Bachelors,13,Divorced,Prof-specialty,Unmarried,White,Male,0,0,40,Portugal,<=50K
39,Private,74032,Masters,14,Married-civ-spouse,Exec-managerial,Husband,White,Male,0,0,60,United-States,<=50K
66,Private,190771,Doctorate,16,Divorced,Prof-specialty,Not-in-family,White,Male,0,0,40,United-States,<=50K
39,Private,116588,Doctorate,16,Widowed,Adm-clerical,Not-in-family,White,Male,0,0,40,United-States,>50K
38,Private,202402,Assoc-acdm,12,Married-spouse-absent,Transport-moving,Own-child,White,Male,0,0,46,United-States,>50K
32,Local-gov,165999,Assoc-voc,11,Married-civ-spouse,Craft-repair,Husband,Asian-Pac-Islander,Male,0,0,48,United-States,>50K
61,Private,428307,Some-college,10,Widowed,Tech-support,Other-relative,White,Male,0,0,40,United-States,<=50K
30,State-gov,77585,Bachelors,13,Separated,Protective-serv,Not-in-family,White,Male,0,0,47,United-States,<=50K
33,Self-emp-inc,274994,Bachelors,13,Married-civ-spouse,Sales,Husband,White,Male,0,0,48,United-States,>50K
64,Private,94540,Bachelors,13,Married-civ-spouse,Prof-specialty,Wife,White,Female,0,2539,40,United-States,<=50K
31,Federal-gov,279265,Prof-school,15,Married-civ-spouse,Exec-managerial,Husband,White,Male,0,0,48,United-States,<=50K
48,Private,120724,HS-grad,9,Married-civ-spouse,Craft-repair,Husband,White,Male,0,0,40,Dominican-Republic,<=50K
27,Private,387848,Assoc-acdm,12,Never-married,Tech-support,Not-in-family,White,Male,0,0,44,India,>50K
62,Private,247271,HS-grad,9,Married-civ-spouse,Craft-repair,Husband,White,Male,0,1654,38,United-States,<=50K
69,Private,141917,HS-grad,9,Married-civ-spouse,Tech-support,Husband,White,Male,0,0,40,United-States,<=50K
21,Private,327592,12th,8,Never-married,Transport-moving,Not-in-family,White,Male,0,0,35,United-States,<=50K
44,State-gov,214123,Masters,14,Married-civ-spouse,Exec-managerial,Wife,White,Female,0,0,35,United-States,<=50K
44,Private,336555,Masters,14,Married-civ-spouse,Prof-specialty,Husband,White,Male,0,0,50,United-States,<=50K
29,Private,144551,HS-grad,9,Divorced,Adm-clerical,Not-in-family,White,Male,4809,0,40,United-States,<=50K
49,Local-gov,73292,Some-college,10,Married-civ-spouse,Craft-repair,Wife,White,Female,0,0,43,England,<=50K
37,Private,111179,Bachelors,13,Married-civ-spouse,Protective-serv,Wife,White,Female,0,0,43,United-States,<=50K
51,Never-worked,117297,Bachelors,13,Married-AF-spouse,Farming-fishing,Husband,White,Male,0,1952,2,Cuba,<=50K
43,Private,204640,HS-grad,9,Married-civ-spouse,Sales,Husband,White,Male,0,0,40,United-States,<=50K
31,Self-emp-not-inc,504967,Assoc-voc,11,Married-civ-spouse,Other-service,Husband,White,Male,0,0,40,United-States,<=50K
24,Private,98857,Bachelors,13,Married-civ-spouse,Prof-specialty,Wife,White,Female,0,0,50,United-States,<=50K
32,Self-emp-not-inc,166506,HS-grad,9,Married-civ-spouse,Handlers-cleaners,Wife,White,Female,0,0,50,United-States,<=50K
61,Private,219836,9th,5,Divorced,Machine-op-inspct,Unmarried,White,Female,0,0,39,India,<=50K
49,Private,252370,Some-college,10,Divorced,Machine-op-inspct,Not-in-family,White,Male,0,0,45,India,<=50K
32,Self-emp-not-inc,99714,Prof-school,15,Married-civ-spouse,Exec-managerial,Husband,Black,Male,0,0,40,United-States,>50K
39,Private,161670,HS-grad,9,Married-spouse-absent,Transport-moving,Not-in-family,White,Male,0,0,55,United-States,>50K
49,Private,173431,Some-college,10,Divorced,Machine-op-inspct,Unmarried,White,Female,0,0,45,United-States,<=50K
44,Private,260240,Some-college,10,Married-civ-spouse,Machine-op-inspct,Husband,White,Male,0,0,40,United-States,<=50K
46,Private,199833,Assoc-acdm,12,Married-civ-spouse,Adm-clerical,Husband,White,Male,0,0,45,United-States,<=50K
66,State-gov,126907,Some-college,10,Widowed,Machine-op-inspct,Unmarried,White,Female,0,0,45,United-States,<=50K
35,Private,71707,HS-grad,9,Never-married,Other-service,Not-in-family,Asian-Pac-Islander,Male,0,0,35,United-States,<=50K
31,Private,428928,HS-grad,9,Separated,Tech-support,Not-in-family,White,Male,0,2081,40,United-States,<=50K
28,Private,127364,Bachelors,13,Married-civ-spouse,Exec-managerial,Husband,White,Male,0,0,40,United-States,<=50K
26,Private,144917,Some-college,10,Married-civ-spouse,Machine-op-inspct,Wife,White,Female,0,0,40,United-States,<=50K
61,Private,331202,7th-8th,4,Married-civ-spouse,Other-service,Husband,White,Male,0,1603,44,United-States,<=50K
37,State-gov,208999,11th,7,Never-married,Craft-repair,Not-in-family,White,Male,0,0,40,United-States,<=50K
25,Self-emp-inc,156841,Bachelors,13,Never-married,Prof-specialty,Own-child,White,Female,0,0,51,United-States,<=50K
39,State-gov,188206,HS-grad,9,Divorced,Sales,Not-in-family,White,Male,5146,0,48,United-States,<=50K
31,Private,420096,HS-grad,9,Married-spouse-absent,Handlers-cleaners,Not-in-family,White,Male,0,0,35,United-States,<=50K
64,Private,206417,Assoc-acdm,12,Divorced,Tech-support,Not-in-family,White,Male,0,0,45,United-States,>50K
31,Private,380911,HS-grad,9,Married-AF-spouse,Protective-serv,Wife,White,Female,0,0,40,Mexico,>50K
46,Private,86195,Bachelors,13,Married-civ-spouse,Prof-specialty,Husband,White,Male,0,0,60,United-States,<=50K
45,Private,354986,Assoc-acdm,12,Married-civ-spouse,Exec-managerial,Husband,White,Male,0,0,38,United-States,>50K
50,Self-emp-inc,164233,Bachelors,13,Married-civ-spouse,Exec-managerial,Husband,Black,Male,0,0,60,United-States,>50K
55,Federal-gov,257830,Bachelors,13,Married-civ-spouse,Prof-specialty,Husband,White,Male,0,1827,40,United-States,<=50K
52,Never-worked,161715,Assoc-acdm,12,Married-civ-spouse,Priv-house-serv,Wife,White,Female,0,0,3,United-States,<=50K
38,Federal-gov,254433,Masters,14,Divorced,Exec-managerial,Not-in-family,White,Female,0,0,50,Mexico,<=50K
38,Private,264019,Some-college,10,Never-married,Other-service,Own-child,White,Male,0,0,40,United-States,<=50K
43,Private,315733,HS-grad,9,Married-civ-spouse,Craft-repair,Husband,White,Male,0,0,45,United-States,>50K
23,Private,145954,HS-grad,9,Never-married,Adm-clerical,Own-child,White,Male,0,0,20,United-States,<=50K
38,Private,319742,HS-grad,9,Widowed,Other-service,Other-relative,White,Male,0,0,40,United-States,<=50K
44,Private,413286,HS-grad,9,Never-married,Farming-fishing,Not-in-family,White,Female,0,0,45,United-States,<=50K
61,Private,194965,HS-grad,9,Separated,Handlers-cleaners,Not-in-family,Black,Male,0,0,40,United-States,<=50K
31,Private,156345,5th-6th,3,Married-civ-spouse,Craft-repair,Husband,White,Male,0,0,50,Puerto-Rico,<=50K
25,Federal-gov,220443,HS-grad,9,Never-married,Exec-managerial,Not-in-family,White,Male,0,0,40,United-States,<=50K
56,Private,128076,7th-8th,4,Divorced,Handlers-cleaners,Not-in-family,Black,Male,0,0,36,United-States,<=50K
49,Private,190992,9th,5,Married-spouse-absent,Farming-fishing,Own-child,White,Male,0,0,40,United-States,<=50K
42,Self-emp-not-inc,149652,HS-grad,9,Married-civ-spouse,Adm-clerical,Husband,White,Male,13431,0,60,United-States,<=50K
58,Private,182412,HS-grad,9,Widowed,Other-service,Unmarried,White,Male,0,0,40,United-States,<=50K
30,Private,172314,HS-grad,9,Divorced,Machine-op-inspct,Not-in-family,White,Female,0,0,40,United-States,<=50K
56,Private,133986,Some-college,10,Married-civ-spouse,Adm-clerical,Wife,White,Female,0,0,48,United-States,<=50K
35,Private,269159,HS-grad,9,Married-civ-spouse,Sales,Husband,White,Male,0,0,40,United-States,>50K
52,Private,158866,Assoc-acdm,12,Married-civ-spouse,Other-service,Husband,White,Male,0,0,50,United-States,<=50K
37,Private,187512,Bachelors,13,Married-civ-spouse,Prof-specialty,Husband,White,Male,0,0,35,United-States,<=50K
33,Private,233486,HS-grad,9,Married-spouse-absent,Machine-op-inspct,Other-relative,Black,Male,0,0,40,United-States,<=50K
36,Self-emp-not-inc,185194,Bachelors,13,Married-civ-spouse,Prof-specialty,Husband,White,Male,0,2270,50,United-States,>50K
52,Private,238195,Assoc-acdm,12,Married-civ-spouse,Sales,Husband,White,Male,0,0,45,United-States,>50K
44,Private,156867,HS-grad,9,Divorced,Exec-managerial,Other-relative,White,Male,0,0,38,Thailand,>50K
57,Private,116247,Bachelors,13,Divorced,Exec-managerial,Not-in-family,White,Male,0,0,35,United-States,<=50K
47,Private,456857,Doctorate,16,Married-civ-spouse,Sales,Husband,White,Male,6980,0,44,United-States,>50K
42,Private,177502,Doctorate,16,Married-civ-spouse,Exec-managerial,Husband,White,Male,0,0,38,United-States,>50K
36,State-gov,146840,Bachelors,13,Married-civ-spouse,Transport-moving,Husband,White,Male,0,0,35,United-States,<=50K
43,Private,309382,HS-grad,9,Never-married,Craft-repair,Not-in-family,White,Male,0,2241,40,United-States,<=50K
46,Private,193786,HS-grad,9,Married-civ-spouse,Transport-moving,Wife,White,Female,0,0,45,United-States,<=50K
44,Private,256358,Bachelors,13,Married-civ-spouse,Tech-support,Husband,White,Male,0,0,20,United-States,>50K
28,Self-emp-inc,133742,Some-college,10,Married-civ-spouse,Craft-repair,Husband,White,Male,0,0,55,United-States,<=50K
32,Local-gov,147208,Bachelors,13,Married-civ-spouse,Exec-managerial,Wife,White,Female,0,0,55,France,>50K
24,Private,287480,HS-grad,9,Married-civ-spouse,Prof-specialty,Wife,White,Female,0,0,50,United-States,<=50K
24,Self-emp-inc,238256,HS-grad,9,Never-married,Handlers-cleaners,Own-child,White,Male,0,0,40,United-States,<=50K
23,Federal-gov,217081,Bachelors,13,Married-civ-spouse,Sales,Wife,White,Female,0,0,44,United-States,<=50K
36,Private,139734,HS-grad,9,Never-married,Sales,Not-in-family,White,Male,0,0,43,United-States,<=50K
55,Private,330124,7th-8th,4,Married-civ-spouse,Machine-op-inspct,Husband,White,Male,0,0,38,United-States,<=50K
30,Self-emp-not-inc,157395,Doctorate,16,Never-married,Prof-specialty,Not-in-family,Black,Male,0,0,43,United-States,<=50K
44,Private,238149,Assoc-acdm,12,Never-married,Transport-moving,Unmarried,White,Male,0,0,38,United-States,<=50K
35,Private,278422,HS-grad,9,Married-civ-spouse,Transport-moving,Husband,White,Male,0,0,35,United-States,<=50K
41,Private,96629,HS-grad,9,Never-married,Machine-op-inspct,Not-in-family,White,Male,0,0,45,United-States,<=50K
34,Private,167541,HS-grad,9,Divorced,Machine-op-inspct,Not-in-family,White,Male,10770,0,45,United-States,<=50K
31,Private,193487,7th-8th,4,Married-civ-spouse,Machine-op-inspct,Husband,White,Male,0,0,41,United-States,<=50K
31,Self-emp-not-inc,367479,Some-college,10,Divorced,Adm-clerical,Unmarried,White,Female,0,0,45,United-States,<=50K
33,Federal-gov,156970,9th,5,Married-civ-spouse,Transport-moving,Husband,White,Male,0,0,45,United-States,<=50K
37,Private,227074,Some-college,10,Married-civ-spouse,Craft-repair,Husband,White,Male,0,0,45,United-States,<=50K
49,Local-gov,140354,Bachelors,13,Married-civ-spouse,Prof-specialty,Wife,White,Female,0,0,45,United-States,>50K
48,Private,224042,Masters,14,Married-civ-spouse,Exec-managerial,Husband,White,Male,0,0,40,United-States,<=50K
45,Self-emp-not-inc,224851,Some-college,10,Married-civ-spouse,Adm-clerical,Husband,White,Male,0,0,35,United-States,<=50K
38,Private,239084,HS-grad,9,Divorced,Exec-managerial,Unmarried,Black,Female,0,0,70,United-States,<=50K
26,Private,215774,Some-college,10,Never-married,Adm-clerical,Unmarried,White,Male,0,0,40,United-States,<=50K
46,State-gov,238683,10th,6,Married-civ-spouse,Machine-op-inspct,Husband,White,Male,2045,0,35,United-States,<=50K
35,Private,203373,Masters,14,Never-married,Prof-specialty,Not-in-family,White,Male,0,0,45,Honduras,>50K
53,Federal-gov,99874,Bachelors,13,Married-AF-spouse,Craft-repair,Husband,White,Male,0,0,40,United-States,<=50K
53,Private,151930,1st-4th,2,Widowed,Handlers-cleaners,Not-in-family,Black,Male,0,0,35,United-States,<=50K
36,Self-emp-not-inc,245718,HS-grad,9,Married-civ-spouse,Tech-support,Husband,White,Male,0,0,40,Philippines,<=50K
50,Private,189734,Some-college,10,Divorced,Exec-managerial,Not-in-family,White,Male,0,0,50,United-States,<=50K
37,Private,221681,Masters,14,Married-civ-spouse,Prof-specialty,Husband,White,Male,0,0,60,United-States,<=50K
45,Private,281595,Doctorate,16,Divorced,Exec-managerial,Own-child,Asian-Pac-Islander,Male,4137,0,50,United-States,>50K
29,Private,106982,Some-college,10,Never-married,Tech-support,Not-in-family,White,Male,0,0,38,United-States,<=50K
37,Private,193372,Some-college,10,Divorced,Prof-specialty,Not-in-family,White,Male,3155,0,40,Jamaica,<=50K
56,Federal-gov,115399,HS-grad,9,Separated,Other-service,Not-in-family,White,Male,0,0,16,United-States,<=50K
22,Self-emp-inc,194096,11th,7,Married-civ-spouse,Other-service,Other-relative,Black,Male,0,0,38,United-States,<=50K
35,Private,167068,Bachelors,13,Divorced,Prof-specialty,Own-child,White,Male,0,0,81,United-States,>50K
43,Private,61160,7th-8th,4,Divorced,Sales,Unmarried,White,Female,0,0,45,India,<=50K
46,Private,152974,HS-grad,9,Married-civ-spouse,Other-service,Husband,White,Male,0,0,42,United-States,<=50K
51,Private,236409,HS-grad,9,Divorced,Machine-op-inspct,Unmarried,White,Male,0,0,44,United-States,<=50K
62,Private,197779,HS-grad,9,Divorced,Prof-specialty,Unmarried,Black,Male,0,0,59,United-States,<=50K
43,Private,155813,HS-grad,9,Widowed,Handlers-cleaners,Unmarried,White,Male,0,0,20,Mexico,<=50K
51,Private,172539,Some-college,10,Married-civ-spouse,Machine-op-inspct,Wife,White,Female,3262,0,40,South,<=50K
48,Private,163111,HS-grad,9,Married-civ-spouse,Craft-repair,Wife,White,Female,0,0,50,United-States,<=50K
61,Private,86622,7th-8th,4,Married-civ-spouse,Machine-op-inspct,Husband,White,Male,0,0,55,United-States,<=50K
44,Private,208000,HS-grad,9,Divorced,Craft-repair,Own-child,White,Female,0,0,52,Hungary,<=50K
45,Private,266242,Some-college,10,Married-civ-spouse,Exec-managerial,Wife,Black,Female,0,0,40,United-States,<=50K
34,Local-gov,185235,Masters,14,Married-civ-spouse,Sales,Husband,White,Male,0,0,40,United-States,>50K
39,State-gov,196328,11th,7,Never-married,Craft-repair,Unmarried,White,Male,0,0,40,United-States,<=50K
24,Self-emp-not-inc,268173,Assoc-voc,11,Never-married,Other-service,Own-child,White,Male,0,0,15,United-States,<=50K
41,Private,113802,Bachelors,13,Married-civ-spouse,Tech-support,Husband,White,Male,0,0,40,El-Salvador,>50K
31,Federal-gov,146502,Bachelors,13,Divorced,Sales,Not-in-family,White,Male,0,0,27,United-States,<=50K
31,State-gov,116382,Some-college,10,Divorced,Other-service,Unmarried,White,Female,0,0,20,United-States,<=50K
26,Private,166311,Bachelors,13,Never-married,Prof-specialty,Other-relative,White,Male,0,0,42,United-States,<=50K
26,Local-gov,322285,Bachelors,13,Never-married,Prof-specialty,Not-in-family,White,Male,0,0,45,United-States,>50K
34,Private,397844,Assoc-acdm,12,Married-civ-spouse,Sales,Wife,White,Female,0,0,35,Cuba,<=50K
30,Private,44188,Bachelors,13,Never-married,Prof-specialty,Unmarried,Asian-Pac-Islander,Female,0,0,48,United-States,<=50K
20,Private,88667,HS-grad,9,Never-married,Prof-specialty,Own-child,White,Male,0,0,50,United-States,<=50K
38,Self-emp-not-inc,265360,7th-8th,4,Widowed,Craft-repair,Not-in-family,White,Female,0,0,30,United-States,<=50K
43,Federal-gov,101716,Assoc-acdm,12,Divorced,Other-service,Not-in-family,Amer-Indian-Eskimo,Male,0,0,30,United-States,<=50K
32,Private,78859,HS-grad,9,Married-civ-spouse,Adm-clerical,Wife,White,Female,0,0,35,United-States,<=50K
68,Private,423099,Doctorate,16,Married-civ-spouse,Prof-specialty,Husband,White,Male,4129,0,35,United-States,>50K
45,Private,133693,Assoc-acdm,12,Divorced,Sales,Own-child,White,Male,0,0,35,United-States,<=50K
57,Self-emp-not-inc,88961,Bachelors,13,Divorced,Prof-specialty,Unmarried,Black,Female,0,0,48,United-States,<=50K
48,Private,162807,Bachelors,13,Married-civ-spouse,Transport-moving,Husband,White,Male,0,0,40,United-States,<=50K
27,Private,247618,Some-college,10,Never-married,Sales,Not-in-family,White,Male,4966,0,60,United-States,>50K
33,Private,479387,Masters,14,Married-civ-spouse,Tech-support,Husband,White,Male,0,0,40,Mexico,<=50K
65,Private,137874,HS-grad,9,Divorced,Exec-managerial,Not-in-family,White,Female,0,0,60,United-States,<=50K
58,Private,411688,Some-college,10,Married-civ-spouse,Transport-moving,Wife,White,Female,0,0,45,United-States,<=50K
33,Local-gov,247039,Bachelors,13,Divorced,Sales,Not-in-family,White,Male,0,0,30,United-States,<=50K
55,Private,360463,Bachelors,13,Divorced,Other-service,Not-in-family,White,Male,0,0,35,United-States,<=50K
30,Private,194284,Assoc-voc,11,Married-AF-spouse,Tech-support,Wife,White,Female,0,0,40,United-States,<=50K
26,Private,172796,Bachelors,13,Never-married,Prof-specialty,Not-in-family,White,Male,4680,0,40,United-States,<=50K
26,Private,162836,Masters,14,Married-civ-spouse,Exec-managerial,Husband,White,Male,0,0,60,United-States,>50K
32,Private,310358,HS-grad,9,Married-civ-spouse,Other-service,Wife,White,Female,0,0,35,United-States,<=50K
30,State-gov,154124,Masters,14,Married-civ-spouse,Exec-managerial,Husband,White,Male,0,2439,40,Philippines,<=50K
24,Private,182642,Some-college,10,Divorced,Adm-clerical,Not-in-family,White,Male,0,0,48,United-States,<=50K
57,Private,369565,Assoc-voc,11,Married-spouse-absent,Machine-op-inspct,Not-in-family,Black,Female,0,0,55,United-States,<=50K
31,Private,96168,Bachelors,13,Married-civ-spouse,Prof-specialty,Husband,White,Male,0,0,44,United-States,>50K
41,Private,75422,Assoc-acdm,12,Divorced,Prof-specialty,Not-in-family,White,Female,0,0,50,Iran,<=50K
21,Private,102191,9th,5,Never-married,Craft-repair,Unmarried,White,Male,0,0,38,United-States,<=50K
26,Self-emp-not-inc,195398,Bachelors,13,Never-married,Exec-managerial,Unmarried,White,Female,0,0,50,United-States,<=50K
33,Federal-gov,177835,Bachelors,13,Divorced,Sales,Not-in-family,White,Male,0,0,50,United-States,>50K
29,Private,100411,12th,8,Married-civ-spouse,Other-service,Husband,White,Male,0,0,25,United-States,<=50K
43,Private,87451,Bachelors,13,Married-civ-spouse,Exec-managerial,Husband,Black,Male,5851,0,48,United-States,>50K
32,Private,212581,Bachelors,13,Married-civ-spouse,Exec-managerial,Wife,White,Female,0,0,60,United-States,>50K
44,Private,191729,Some-college,10,Married-civ-spouse,Adm-clerical,Husband,White,Male,3813,0,48,United-States,>50K
24,State-gov,295553,Some-college,10,Never-married,Exec-managerial,Own-child,White,Male,0,0,50,Mexico,<=50K
55,Private,307893,HS-grad,9,Divorced,Sales,Not-in-family,Other,Male,0,0,40,Mexico,<=50K
41,Private,95721,Assoc-acdm,12,Married-spouse-absent,Machine-op-inspct,Unmarried,White,Female,0,0,40,United-States,<=50K
47,Private,45240,Prof-school,15,Never-married,Prof-specialty,Unmarried,White,Male,0,0,55,United-States,>50K
36,Local-gov,233074,Prof-school,15,Married-civ-spouse,Exec-managerial,Husband,White,Male,0,2259,45,Columbia,>50K
37,Private,225060,Assoc-acdm,12,Separated,Protective-serv,Unmarried,White,Male,0,0,40,United-States,<=50K
20,Self-emp-inc,303202,9th,5,Never-married,Sales,Other-relative,Other,Male,0,0,40,United-States,<=50K
32,Private,385772,HS-grad,9,Married-civ-spouse,Handlers-cleaners,Husband,Black,Male,0,0,41,United-States,<=50K
41,Private,115231,HS-grad,9,Never-married,Prof-specialty,Own-child,White,Male,0,0,40,United-States,<=50K
39,Self-emp-not-inc,347887,Assoc-acdm,12,Divorced,Craft-repair,Not-in-family,White,Male,0,0,55,United-States,<=50K
53,Private,85864,HS-grad,9,Married-civ-spouse,Handlers-cleaners,Wife,Asian-Pac-Islander,Female,0,0,40,United-States,<=50K
30,State-gov,197604,HS-grad,9,Separated,Farming-fishing,Not-in-family,White,Male,0,0,45,Haiti,<=50K
33,Private,248996,Masters,14,Never-married,Protective-serv,Not-in-family,Black,Female,0,2449,38,United-States,<=50K
51,Private,143167,Masters,14,Married-civ-spouse,Exec-managerial,Husband,Asian-Pac-Islander,Male,0,0,50,United-States,>50K
42,Private,104331,Some-college,10,Married-civ-spouse,Adm-clerical,Husband,White,Male,0,0,48,United-States,>50K
41,Private,201834,Masters,14,Never-married,Other-service,Own-child,White,Male,0,0,35,United-States,<=50K
49,Private,204534,HS-grad,9,Married-civ-spouse,Prof-specialty,Husband,Black,Male,0,0,50,Mexico,>50K
30,Private,87709,Doctorate,16,Never-married,Prof-specialty,Unmarried,White,Female,0,0,40,United-States,>50K
28,Private,66627,Bachelors,13,Never-married,Craft-repair,Not-in-family,White,Female,0,0,40,United-States,<=50K
44,Federal-gov,267901,Some-college,10,Divorced,Craft-repair,Unmarried,Asian-Pac-Islander,Male,0,0,40,United-States,<=50K
51,Private,113928,Bachelors,13,Married-civ-spouse,Prof-specialty,Husband,White,Male,0,1349,50,United-States,<=50K
38,Private,94007,HS-grad,9,Married-civ-spouse,Craft-repair,Husband,White,Male,0,0,40,United-States,<=50K
28,Private,476844,Assoc-acdm,12,Married-civ-spouse,Sales,Wife,Black,Female,0,0,40,United-States,>50K
29,State-gov,280531,Some-college,10,Married-civ-spouse,Other-service,Husband,White,Male,0,0,40,United-States,<=50K
37,Self-emp-not-inc,211889,Some-college,10,Married-civ-spouse,Other-service,Husband,White,Male,0,0,30,India,<=50K
31,Private,142149,Bachelors,13,Married-civ-spouse,Exec-managerial,Own-child,Asian-Pac-Islander,Male,14686,0,50,Vietnam,>50K
42,Private,122352,HS-grad,9,Married-spouse-absent,Machine-op-inspct,Own-child,White,Female,0,0,40,United-States,<=50K
41,Federal-gov,180051,Bachelors,13,Divorced,Exec-managerial,Unmarried,White,Male,0,0,55,United-States,<=50K
36,Private,164725,Bachelors,13,Married-civ-spouse,Exec-managerial,Wife,White,Female,0,0,50,United-States,>50K
47,Self-emp-not-inc,168952,Bachelors,13,Married-civ-spouse,Prof-specialty,Husband,Asian-Pac-Islander,Male,0,0,38,Jamaica,>50K
62,Private,184323,1st-4th,2,Widowed,Priv-house-serv,Not-in-family,Asian-Pac-Islander,Male,0,0,35,United-States,<=50K
52,Private,136938,Assoc-acdm,12,Divorced,Machine-op-inspct,Not-in-family,White,Male,0,0,40,United-States,<=50K
37,Private,141550,Masters,14,Widowed,Prof-specialty,Unmarried,White,Male,0,0,48,United-States,<=50K
38,Federal-gov,186203,Some-college,10,Divorced,Machine-op-inspct,Not-in-family,White,Male,0,0,40,United-States,<=50K
49,Private,273447,HS-grad,9,Married-civ-spouse,Sales,Husband,White,Male,0,2447,35,United-States,<=50K
66,Local-gov,355503,Some-college,10,Divorced,Other-service,Own-child,Black,Male,0,0,50,India,<=50K
21,Local-gov,231450,Some-college,10,Never-married,Other-service,Not-in-family,Asian-Pac-Islander,Male,0,0,25,United-States,<=50K
54,Local-gov,102341,Some-college,10,Married-civ-spouse,Adm-clerical,Husband,White,Male,5779,0,43,United-States,<=50K
47,Private,273482,7th-8th,4,Separated,Craft-repair,Not-in-family,White,Male,0,0,50,United-States,<=50K
31,Self-emp-not-inc,180739,Bachelors,13,Married-civ-spouse,Craft-repair,Husband,White,Male,0,0,35,United-States,>50K
45,Local-gov,216976,Bachelors,13,Married-civ-spouse,Exec-managerial,Wife,White,Female,0,0,55,United-States,<=50K
31,State-gov,175706,Masters,14,Married-civ-spouse,Prof-specialty,Wife,White,Female,2021,0,60,United-States,>50K
41,Private,188806,Some-college,10,Divorced,Exec-managerial,Not-in-family,White,Female,0,0,70,United-States,<=50K
26,Federal-gov,206270,HS-grad,9,Never-married,Exec-managerial,Not-in-family,Black,Male,0,0,60,United-States,>50K
48,Private,197000,Some-college,10,Married-civ-spouse,Machine-op-inspct,Husband,White,Male,3843,0,48,United-States,>50K
66,Self-emp-inc,223686,7th-8th,4,Married-spouse-absent,Farming-fishing,Unmarried,White,Male,0,0,38,United-States,<=50K
28,Private,132569,Some-college,10,Never-married,Adm-clerical,Own-child,White,Male,0,0,44,United-States,<=50K
35,State-gov,256304,Some-college,10,Married-civ-spouse,Sales,Wife,White,Female,0,0,45,Philippines,<=50K
64,Private,269535,Some-college,10,Married-civ-spouse,Adm-clerical,Husband,White,Male,0,0,44,Trinadad&Tobago,<=50K
24,Private,217163,Bachelors,13,Never-married,Exec-managerial,Not-in-family,White,Female,0,0,49,Philippines,<=50K
62,Self-emp-not-inc,123561,Masters,14,Married-civ-spouse,Exec-managerial,Husband,White,Male,0,0,38,United-States,>50K
58,Private,346495,Doctorate,16,Divorced,Prof-specialty,Unmarried,White,Male,0,0,40,United-States,>50K
38,Private,142747,Some-college,10,Married-civ-spouse,Prof-specialty,Husband,White,Male,0,0,50,United-States,>50K
21,Private,268278,HS-grad,9,Never-married,Machine-op-inspct,Own-child,White,Female,0,0,35,United-States,<=50K
26,Local-gov,227026,Masters,14,Never-married,Adm-clerical,Not-in-family,White,Male,0,0,43,United-States,<=50K
47,Private,162247,HS-grad,9,Divorced,Handlers-cleaners,Own-child,White,Male,0,0,48,United-States,<=50K
26,Federal-gov,202649,Some-college,10,Divorced,Sales,Not-in-family,White,Male,0,0,40,United-States,<=50K
46,Private,268818,Assoc-acdm,12,Never-married,Adm-clerical,Unmarried,White,Male,0,0,45,United-States,>50K
31,Private,257981,Bachelors,13,Married-civ-spouse,Prof-specialty,Husband,White,Male,0,0,35,United-States,>50K
40,Private,168899,Bachelors,13,Married-civ-spouse,Tech-support,Husband,Asian-Pac-Islander,Male,0,0,45,United-States,<=50K
63,State-gov,113636,Assoc-voc,11,Divorced,Adm-clerical,Unmarried,White,Female,0,0,40,United-States,<=50K
33,Local-gov,149711,Prof-school,15,Divorced,Adm-clerical,Own-child,White,Male,0,0,40,United-States,<=50K
34,Local-gov,160893,Some-college,10,Never-married,Other-service,Other-relative,White,Male,0,0,45,United-States,<=50K
51,Private,110369,HS-grad,9,Married-civ-spouse,Craft-repair,Husband,Black,Male,0,0,40,Dominican-Republic,>50K
43,Private,179627,Masters,14,Divorced,Prof-specialty,Unmarried,Black,Male,0,0,50,United-States,<=50K
41,Private,171904,HS-grad,9,Married-civ-spouse,Adm-clerical,Husband,White,Male,0,0,45,United-States,<=50K
32,Private,69416,Bachelors,13,Never-married,Protective-serv,Other-relative,White,Male,0,0,40,United-States,<=50K
28,Private,221800,Assoc-acdm,12,Married-civ-spouse,Craft-repair,Husband,White,Male,0,0,48,United-States,<=50K
31,Private,279107,Assoc-voc,11,Married-civ-spouse,Other-service,Husband,White,Male,0,0,15,United-States,<=50K
29,Private,170346,Assoc-voc,11,Never-married,Other-service,Not-in-family,White,Male,6164,0,34,El-Salvador,<=50K
73,Private,236531,11th,7,Married-civ-spouse,Other-service,Wife,White,Female,0,0,50,United-States,<=50K
25,Self-emp-not-inc,319907,Assoc-acdm,12,Never-married,Machine-op-inspct,Unmarried,White,Male,0,0,45,United-States,<=50K
48,Private,103124,Assoc-voc,11,Married-civ-spouse,Handlers-cleaners,Husband,White,Male,0,0,48,United-States,<=50K
57,Federal-gov,97151,Assoc-voc,11,Divorced,Sales,Own-child,White,Male,0,1791,35,United-States,<=50K
45,Self-emp-not-inc,79473,HS-grad,9,Never-married,Transport-moving,Own-child,White,Male,0,0,40,United-States,<=50K
57,Private,463076,5th-6th,3,Married-civ-spouse,Other-service,Wife,White,Female,0,0,40,United-States,<=50K
36,Federal-gov,191075,Assoc-voc,11,Divorced,Sales,Own-child,White,Male,0,0,40,United-States,<=50K
18,Private,122174,Some-college,10,Never-married,Prof-specialty,Not-in-family,Asian-Pac-Islander,Male,0,0,40,United-States,<=50K
51,Local-gov,169680,Some-college,10,Married-civ-spouse,Craft-repair,Husband,Black,Male,0,0,50,United-States,>50K
39,Self-emp-not-inc,190111,Some-college,10,Never-married,Farming-fishing,Unmarried,White,Female,0,0,45,United-States,<=50K
44,Private,157011,Bachelors,13,Never-married,Prof-specialty,Not-in-family,Asian-Pac-Islander,Male,0,0,45,Cuba,>50K
43,Private,74620,Bachelors,13,Married-civ-spouse,Exec-managerial,Husband,White,Male,0,0,50,United-States,<=50K
40,Self-emp-not-inc,186085,7th-8th,4,Divorced,Machine-op-inspct,Not-in-family,White,Male,0,0,40,United-States,<=50K
57,Private,127935,Masters,14,Married-civ-spouse,Sales,Wife,Black,Female,0,0,40,United-States,<=50K
46,Private,341902,Bachelors,13,Married-civ-spouse,Protective-serv,Husband,White,Male,0,0,40,United-States,>50K
45,Federal-gov,250750,Bachelors,13,Married-civ-spouse,Tech-support,Husband,White,Male,0,0,55,United-States,>50K
32,Private,113196,Some-college,10,Separated,Craft-repair,Not-in-family,White,Male,0,0,45,United-States,<=50K
69,Private,125059,HS-grad,9,Married-spouse-absent,Craft-repair,Not-in-family,White,Male,0,0,30,United-States,<=50K
30,State-gov,117813,11th,7,Never-married,Transport-moving,Not-in-family,White,Male,0,0,38,United-States,<=50K
53,Private,183240,Bachelors,13,Married-civ-spouse,Craft-repair,Husband,White,Male,0,0,45,United-States,<=50K
54,Private,179788,Assoc-acdm,12,Widowed,Other-service,Other-relative,White,Female,0,0,35,United-States,<=50K
20,Private,326409,12th,8,Never-married,Craft-repair,Own-child,White,Male,0,0,35,United-States,<=50K
36,Federal-gov,170733,Masters,14,Married-civ-spouse,Exec-managerial,Wife,White,Female,0,0,40,United-States,<=50K
54,Private,268066,Doctorate,16,Married-civ-spouse,Exec-managerial,Wife,White,Female,0,0,38,United-States,>50K
50,Private,89476,HS-grad,9,Divorced,Sales,Not-in-family,White,Female,4218,0,40,United-States,<=50K
51,Private,133699,Doctorate,16,Never-married,Protective-serv,Unmarried,Asian-Pac-Islander,Male,0,0,45,United-States,<=50K
33,Self-emp-not-inc,130072,Masters,14,Divorced,Adm-clerical,Not-in-family,White,Male,0,2307,57,United-States,>50K
41,Private,148773,10th,6,Widowed,Handlers-cleaners,Not-in-family,White,Male,0,0,48,United-States,<=50K
30,Federal-gov,393472,Some-college,10,Never-married,Sales,Not-in-family,Black,Female,0,0,40,United-States,<=50K
35,Self-emp-not-inc,152187,7th-8th,4,Married-civ-spouse,Other-service,Husband,White,Male,0,0,40,United-States,<=50K
37,State-gov,156715,HS-grad,9,Married-civ-spouse,Exec-managerial,Wife,White,Female,0,0,45,United-States,>50K
45,Private,290043,Masters,14,Married-civ-spouse,Craft-repair,Other-relative,White,Male,0,0,45,United-States,>50K
27,Private,282823,HS-grad,9,Married-civ-spouse,Adm-clerical,Own-child,White,Male,0,0,53,United-States,<=50K
42,Private,175710,Bachelors,13,Married-civ-spouse,Sales,Husband,White,Male,0,0,35,United-States,<=50K
48,Self-emp-not-inc,103019,HS-grad,9,Married-civ-spouse,Prof-specialty,Husband,Asian-Pac-Islander,Male,0,0,40,Greece,<=50K
24,Self-emp-inc,137873,HS-grad,9,Married-civ-spouse,Other-service,Wife,White,Female,0,0,30,United-States,<=50K
36,Local-gov,186891,Prof-school,15,Divorced,Tech-support,Other-relative,White,Male,0,0,40,United-States,>50K
20,Local-gov,185994,12th,8,Never-married,Transport-moving,Other-relative,White,Male,0,0,48,United-States,<=50K
31,Private,273463,HS-grad,9,Married-civ-spouse,Farming-fishing,Wife,White,Female,0,1618,40,Puerto-Rico,<=50K
40,Private,188833,HS-grad,9,Married-civ-spouse,Handlers-cleaners,Wife,White,Female,0,0,35,United-States,>50K
57,Self-emp-not-inc,123453,HS-grad,9,Separated,Protective-serv,Unmarried,White,Male,0,0,60,United-States,<=50K
37,Private,299262,Masters,14,Never-married,Exec-managerial,Own-child,Black,Male,0,0,60,United-States,<=50K
32,State-gov,142552,Masters,14,Married-civ-spouse,Transport-moving,Husband,White,Male,0,0,40,United-States,<=50K
68,Private,480621,HS-grad,9,Married-civ-spouse,Adm-clerical,Husband,White,Male,0,0,40,United-States,<=50K
43,Private,184650,Doctorate,16,Divorced,Farming-fishing,Not-in-family,Black,Male,0,0,40,United-States,>50K
23,Private,187890,HS-grad,9,Married-civ-spouse,Sales,Wife,White,Female,14304,0,40,United-States,>50K
29,Private,125075,Bachelors,13,Divorced,Adm-clerical,Unmarried,White,Female,0,0,20,United-States,<=50K
60,Private,156605,HS-grad,9,Married-civ-spouse,Handlers-cleaners,Husband,Black,Male,0,0,49,United-States,<=50K
30,Private,325268,Some-college,10,Married-civ-spouse,Adm-clerical,Own-child,White,Male,0,0,40,United-States,<=50K
21,Private,120156,11th,7,Never-married,Other-service,Not-in-family,White,Male,0,0,30,Trinadad&Tobago,<=50K
60,Private,163473,Some-college,10,Married-civ-spouse,Transport-moving,Husband,White,Male,0,0,40,India,<=50K
42,Private,324784,Some-college,10,Married-civ-spouse,Sales,Husband,White,Male,0,0,38,United-States,>50K
28,Private,134362,Some-college,10,Separated,Farming-fishing,Unmarried,Black,Female,0,0,44,Jamaica,>50K
49,Private,201828,Bachelors,13,Married-civ-spouse,Adm-clerical,Husband,Black,Male,0,0,40,United-States,<=50K
21,Private,117727,HS-grad,9,Married-civ-spouse,Craft-repair,Husband,Black,Male,0,0,45,United-States,<=50K
36,Private,84699,Doctorate,16,Married-AF-spouse,Machine-op-inspct,Husband,Black,Male,0,0,38,United-States,<=50K
40,Private,82656,9th,5,Never-married,Machine-op-inspct,Unmarried,Black,Female,0,0,45,United-States,<=50K
56,Private,114755,Assoc-voc,11,Married-civ-spouse,Sales,Husband,White,Male,0,0,40,United-States,<=50K
50,Private,164435,Prof-school,15,Married-civ-spouse,Tech-support,Husband,White,Male,0,0,55,United-States,>50K
36,Private,158576,HS-grad,9,Married-spouse-absent,Exec-managerial,Not-in-family,White,Male,0,0,60,United-States,<=50K
42,Private,361589,Masters,14,Married-civ-spouse,Exec-managerial,Wife,Other,Female,0,0,45,United-States,<=50K
48,Private,93987,HS-grad,9,Married-civ-spouse,Tech-support,Husband,White,Male,0,0,55,United-States,>50K
31,Private,93288,HS-grad,9,Separated,Tech-support,Unmarried,White,Male,0,0,43,India,<=50K
58,Private,266816,Bachelors,13,Widowed,Tech-support,Not-in-family,White,Male,0,0,35,United-States,<=50K
42,Private,90130,Prof-school,15,Married-civ-spouse,Exec-managerial,Wife,Black,Female,0,0,45,United-States,>50K
51,Private,253980,Doctorate,16,Divorced,Sales,Own-child,White,Male,0,0,45,United-States,>50K
32,Private,142059,HS-grad,9,Never-married,Prof-specialty,Not-in-family,White,Male,0,0,50,England,<=50K
22,Private,253740,Assoc-acdm,12,Never-married,Handlers-cleaners,Own-child,White,Male,0,0,40,Trinadad&Tobago,<=50K
29,Private,582989,Assoc-acdm,12,Never-married,Machine-op-inspct,Own-child,White,Male,0,0,40,United-States,<=50K
33,Local-gov,195187,10th,6,Married-civ-spouse,Farming-fishing,Wife,White,Female,0,0,25,United-States,<=50K
53,Private,181039,HS-grad,9,Married-civ-spouse,Adm-clerical,Wife,White,Female,0,0,55,United-States,<=50K
35,Federal-gov,144912,Doctorate,16,Never-married,Prof-specialty,Not-in-family,White,Male,0,0,40,Philippines,>50K
58,Local-gov,97565,Assoc-voc,11,Married-civ-spouse,Machine-op-inspct,Husband,Black,Male,0,0,40,United-States,<=50K
61,Private,95402,HS-grad,9,Married-civ-spouse,Sales,Wife,Black,Female,0,0,38,United-States,<=50K
42,State-gov,85271,Bachelors,13,Married-civ-spouse,Exec-managerial,Husband,White,Male,0,0,50,Philippines,>50K
53,Private,156843,7th-8th,4,Married-civ-spouse,Priv-house-serv,Husband,White,Male,0,0,22,United-States,<=50K
33,Private,102444,10th,6,Married-civ-spouse,Craft-repair,Wife,Black,Female,0,0,50,United-States,<=50K
40,Private,384309,HS-grad,9,Never-married,Machine-op-inspct,Not-in-family,White,Male,0,0,40,United-States,<=50K
33,Self-emp-not-inc,153987,Some-college,10,Separated,Adm-clerical,Unmarried,Black,Male,0,0,50,United-States,<=50K
67,Federal-gov,151889,Some-college,10,Married-civ-spouse,Other-service,Wife,Asian-Pac-Islander,Female,0,0,44,Hong,<=50K
41,Private,132051,Bachelors,13,Never-married,Exec-managerial,Not-in-family,White,Male,0,0,37,United-States,<=50K
43,Self-emp-not-inc,166845,Assoc-voc,11,Married-civ-spouse,Other-service,Wife,White,Female,0,0,30,United-States,<=50K
44,Private,258358,HS-grad,9,Married-civ-spouse,Transport-moving,Wife,Black,Female,0,0,40,United-States,<=50K
36,Private,532655,Assoc-voc,11,Never-married,Prof-specialty,Other-relative,White,Male,0,0,40,United-States,<=50K
65,Federal-gov,210509,HS-grad,9,Married-civ-spouse,Other-service,Own-child,White,Male,0,0,40,Mexico,<=50K
56,Private,123453,HS-grad,9,Married-civ-spouse,Craft-repair,Husband,White,Male,0,0,35,United-States,<=50K
64,Private,285396,HS-grad,9,Married-civ-spouse,Prof-specialty,Husband,White,Male,0,0,50,United-States,<=50K
64,Self-emp-not-inc,117614,HS-grad,9,Married-civ-spouse,Tech-support,Husband,White,Male,0,0,60,United-States,>50K
25,Self-emp-inc,118937,Some-college,10,Married-civ-spouse,Sales,Husband,Black,Male,0,0,50,United-States,<=50K
43,Private,225601,HS-grad,9,Divorced,Craft-repair,Unmarried,White,Male,0,0,40,United-States,<=50K
41,Private,273290,HS-grad,9,Married-civ-spouse,Machine-op-inspct,Husband,White,Male,0,0,35,United-States,>50K
38,Private,253817,Prof-school,15,Divorced,Exec-managerial,Not-in-family,White,Female,0,0,40,United-States,>50K
28,Self-emp-not-inc,283816,HS-grad,9,Divorced,Other-service,Other-relative,White,Male,0,0,35,United-States,<=50K
57,Private,159734,Some-college,10,Never-married,Machine-op-inspct,Other-relative,White,Male,0,2215,40,United-States,>50K
58,Private,264269,HS-grad,9,Married-civ-spouse,Tech-support,Wife,White,Female,0,0,45,United-States,<=50K
59,Private,352664,HS-grad,9,Married-civ-spouse,Craft-repair,Husband,White,Male,0,0,44,Mexico,<=50K
28,Private,220771,Assoc-voc,11,Never-married,Other-service,Own-child,Black,Male,0,0,40,United-States,<=50K
19,Private,297344,9th,5,Never-married,Farming-fishing,Own-child,White,Male,0,0,50,United-States,<=50K
26,Private,238373,Assoc-acdm,12,Never-married,Farming-fishing,Not-in-family,White,Male,0,0,40,Mexico,<=50K
38,Private,81591,Masters,14,Married-civ-spouse,Protective-serv,Husband,White,Male,0,0,40,United-States,>50K
53,State-gov,58717,Masters,14,Married-AF-spouse,Tech-support,Husband,White,Male,0,0,60,United-States,<=50K
61,Private,427315,Masters,14,Married-civ-spouse,Exec-managerial,Husband,White,Male,0,0,50,United-States,<=50K
48,Private,309160,Some-college,10,Married-civ-spouse,Craft-repair,Husband,Black,Male,0,0,30,Puerto-Rico,<=50K
31,Private,94658,HS-grad,9,Married-civ-spouse,Transport-moving,Wife,Black,Female,0,0,45,United-States,<=50K
51,Private,80380,HS-grad,9,Married-civ-spouse,Craft-repair,Husband,White,Male,0,0,48,Poland,<=50K
29,Private,131486,Some-college,10,Married-civ-spouse,Sales,Wife,White,Female,0,1520,48,United-States,<=50K
30,Private,251634,Assoc-voc,11,Married-civ-spouse,Craft-repair,Husband,White,Male,0,0,40,United-States,<=50K
66,Private,216470,Assoc-voc,11,Married-civ-spouse,Adm-clerical,Husband,White,Male,0,0,35,India,<=50K
68,Private,179213,Assoc-acdm,12,Married-civ-spouse,Sales,Husband,Other,Male,0,0,40,United-States,<=50K
70,Private,158465,HS-grad,9,Married-civ-spouse,Machine-op-inspct,Wife,White,Female,0,0,40,United-States,<=50K
50,Private,126870,HS-grad,9,Married-civ-spouse,Other-service,Husband,Other,Male,0,0,15,United-States,<=50K
30,Federal-gov,89867,Bachelors,13,Married-civ-spouse,Prof-specialty,Husband,Black,Male,0,0,80,United-States,>50K
27,Private,204325,Assoc-voc,11,Married-AF-spouse,Other-service,Husband,White,Male,0,0,40,United-States,<=50K
44,Private,181105,9th,5,Married-civ-spouse,Transport-moving,Wife,White,Female,0,1725,45,United-States,<=50K
30,Self-emp-not-inc,103334,11th,7,Never-married,Priv-house-serv,Not-in-family,White,Male,0,0,40,United-States,<=50K
28,Private,252891,Assoc-acdm,12,Never-married,Adm-clerical,Not-in-family,White,Female,0,0,48,United-States,<=50K
32,Private,165315,Bachelors,13,Never-married,Prof-specialty,Unmarried,White,Male,0,0,50,South,<=50K
30,Private,171664,Some-college,10,Never-married,Handlers-cleaners,Not-in-family,White,Female,11931,0,35,United-States,>50K
43,Private,96349,Some-college,10,Separated,Exec-managerial,Not-in-family,White,Male,0,0,44,United-States,<=50K
64,Local-gov,214258,HS-grad,9,Married-civ-spouse,Machine-op-inspct,Wife,White,Female,0,0,41,United-States,<=50K
30,Self-emp-inc,149815,HS-grad,9,Divorced,Craft-repair,Unmarried,White,Female,0,0,60,United-States,<=50K
42,Private,779059,Bachelors,13,Married-AF-spouse,Adm-clerical,Wife,Black,Female,0,0,35,United-States,<=50K
45,Self-emp-not-inc,208963,Masters,14,Married-civ-spouse,Prof-specialty,Husband,White,Male,0,0,50,Mexico,>50K
39,Private,290447,HS-grad,9,Married-civ-spouse,Handlers-cleaners,Wife,White,Female,0,0,48,Italy,>50K
55,Federal-gov,334172,10th,6,Separated,Transport-moving,Not-in-family,White,Male,0,0,40,United-States,<=50K
43,Private,357857,Assoc-acdm,12,Divorced,Prof-specialty,Other-relative,White,Male,0,0,50,United-States,<=50K
26,Private,102564,Bachelors,13,Never-married,Exec-managerial,Own-child,Asian-Pac-Islander,Male,0,0,50,United-States,<=50K
48,Private,205931,Some-college,10,Never-married,Sales,Own-child,White,Male,0,0,48,United-States,<=50K
28,Private,70391,Some-college,10,Never-married,Other-service,Unmarried,Asian-Pac-Islander,Female,0,0,25,India,<=50K
47,Private,104851,HS-grad,9,Divorced,Prof-specialty,Own-child,Black,Male,0,0,50,United-States,>50K
22,Federal-gov,111325,HS-grad,9,Never-married,Other-service,Not-in-family,White,Male,0,0,35,United-States,<=50K
46,Private,131200,Some-college,10,Married-civ-spouse,Other-service,Husband,White,Male,0,0,16,United-States,<=50K
18,Private,238207,Bachelors,13,Never-married,Prof-specialty,Own-child,White,Male,0,0,50,United-States,<=50K
40,Private,360138,HS-grad,9,Married-civ-spouse,Craft-repair,Wife,White,Female,0,0,38,United-States,<=50K
57,State-gov,226104,Assoc-acdm,12,Divorced,Craft-repair,Not-in-family,White,Male,0,0,38,United-States,<=50K
30,Local-gov,179726,Bachelors,13,Married-civ-spouse,Exec-managerial,Wife,Asian-Pac-Islander,Female,0,0,40,United-States,>50K
29,Self-emp-not-inc,117746,Some-college,10,Never-married,Craft-repair,Own-child,White,Female,0,0,40,United-States,<=50K
33,Self-emp-not-inc,66397,Assoc-acdm,12,Married-civ-spouse,Other-service,Husband,White,Male,0,0,15,United-States,<=50K
50,Private,204843,Some-college,10,Married-civ-spouse,Adm-clerical,Husband,White,Male,0,0,40,United-States,>50K
52,State-gov,540164,Bachelors,13,Married-spouse-absent,Transport-moving,Other-relative,White,Female,0,0,35,Jamaica,<=50K
42,Private,184412,Assoc-acdm,12,Divorced,Other-service,Other-relative,White,Male,0,0,40,United-States,<=50K
57,Private,154739,HS-grad,9,Married-civ-spouse,Other-service,Husband,Black,Male,0,0,30,United-States,<=50K
30,Private,123549,HS-grad,9,Never-married,Exec-managerial,Not-in-family,White,Female,0,0,40,United-States,<=50K
50,Private,55337,HS-grad,9,Married-civ-spouse,Exec-managerial,Husband,Black,Male,0,2536,45,United-States,>50K
40,Private,234302,HS-grad,9,Separated,Exec-managerial,Not-in-family,White,Male,0,0,40,United-States,>50K
28,Self-emp-inc,167045,Bachelors,13,Married-civ-spouse,Tech-support,Husband,White,Male,0,0,40,United-States,<=50K
27,Private,185303,Some-college,10,Married-civ-spouse,Sales,Husband,White,Male,0,0,30,Mexico,<=50K
38,Private,251666,HS-grad,9,Married-civ-spouse,Transport-moving,Husband,White,Male,0,0,40,United-States,<=50K
62,Private,181943,Prof-school,15,Married-civ-spouse,Exec-managerial,Own-child,White,Male,0,0,48,United-States,<=50K
28,Private,343494,Prof-school,15,Divorced,Prof-specialty,Unmarried,White,Female,0,0,40,United-States,<=50K
32,Private,510333,Some-college,10,Married-civ-spouse,Sales,Husband,White,Male,0,0,45,Canada,<=50K
39,Private,129994,Masters,14,Married-civ-spouse,Other-service,Husband,White,Male,0,0,35,United-States,<=50K
53,Private,344634,Masters,14,Married-civ-spouse,Prof-specialty,Husband,White,Male,0,0,45,United-States,>50K
47,Private,234325,Some-college,10,Married-civ-spouse,Machine-op-inspct,Husband,White,Male,0,0,50,United-States,<=50K
57,Private,246163,Some-college,10,Never-married,Prof-specialty,Own-child,Black,Male,0,0,50,United-States,<=50K
40,Private,82231,Bachelors,13,Divorced,Adm-clerical,Unmarried,White,Male,0,0,50,United-States,<=50K
43,Federal-gov,154799,HS-grad,9,Married-civ-spouse,Exec-managerial,Husband,White,Male,0,0,48,Mexico,<=50K
34,Private,360632,HS-grad,9,Never-married,Machine-op-inspct,Not-in-family,White,Male,0,0,55,United-States,<=50K
27,Private,179701,Bachelors,13,Married-civ-spouse,Adm-clerical,Husband,Black,Male,0,0,40,United-States,<=50K
52,Federal-gov,242190,Masters,14,Married-civ-spouse,Exec-managerial,Husband,White,Male,0,0,40,United-States,>50K
28,Private,134853,Bachelors,13,Married-civ-spouse,Prof-specialty,Own-child,Black,Male,0,0,55,United-States,<=50K
52,Private,195128,HS-grad,9,Married-civ-spouse,Adm-clerical,Husband,White,Male,0,0,44,United-States,<=50K
24,Private,168923,Some-college,10,Married-civ-spouse,Handlers-cleaners,Husband,White,Male,0,0,40,United-States,<=50K
37,Private,180842,Bachelors,13,Married-civ-spouse,Prof-specialty,Husband,White,Male,0,0,40,Greece,<=50K
50,State-gov,276697,Prof-school,15,Married-civ-spouse,Sales,Husband,Black,Male,0,0,40,United-States,>50K
19,Private,119385,HS-grad,9,Never-married,Farming-fishing,Not-in-family,White,Female,0,0,40,United-States,<=50K
36,Private,144782,HS-grad,9,Married-civ-spouse,Adm-clerical,Husband,White,Male,0,0,39,United-States,<=50K
40,Self-emp-not-inc,110018,9th,5,Married-civ-spouse,Transport-moving,Husband,White,Male,8557,0,64,United-States,<=50K
57,Private,96975,HS-grad,9,Widowed,Other-service,Unmarried,White,Female,0,0,30,Mexico,<=50K
56,Self-emp-not-inc,233276,Masters,14,Married-civ-spouse,Prof-specialty,Wife,White,Female,0,0,40,Puerto-Rico,>50K
38,Private,302602,Some-college,10,Married-civ-spouse,Other-service,Husband,Asian-Pac-Islander,Male,0,0,40,United-States,<=50K
37,State-gov,327619,Some-college,10,Married-civ-spouse,Sales,Husband,Other,Male,0,0,40,United-States,>50K
29,Private,295460,Assoc-voc,11,Married-spouse-absent,Farming-fishing,Unmarried,White,Female,0,0,40,United-States,<=50K
