LIMIT_BAL,SEX,EDUCATION,MARRIAGE,AGE,PAY_0,PAY_2,PAY_3,PAY_4,PAY_5,PAY_6,BILL_AMT1,BILL_AMT2,BILL_AMT3,BILL_AMT4,BILL_AMT5,BILL_AMT6,PAY_AMT1,PAY_AMT2,PAY_AMT3,PAY_AMT4,PAY_AMT5,PAY_AMT6,default.payment.next.month
80000,1,1,2,34,0,1,-2,-1,-1,0,17310,16337,0,18059,19728,21110,4649,1347,0,18059,19728,1609,0
50000,2,2,2,33,-1,-1,0,0,0,0,28415,29183,28479,28965,29613,26482,28415,29183,1241,1285,2310,1165,0
90000,2,1,1,35,1,0,0,-1,-1,1,15192,14272,15004,13962,13017,12080,600,785,1826,13962,13017,1146,0
90000,2,2,2,38,-1,0,0,0,0,-1,35015,34255,36341,36458,34524,32716,35015,7793,9680,2657,8873,32716,0
310000,2,4,1,25,1,1,0,3,2,0,126462,126352,135837,137160,146601,158574,2101,4388,26342,0,15403,9171,1
50000,1,1,2,33,0,0,1,1,0,1,0,0,0,0,0,0,1786,1935,0,0,1363,0,1
160000,1,3,1,40,0,0,2,1,1,-2,82651,76038,77897,79492,70787,0,18291,17994,0,1318,0,0,0
140000,1,2,2,26,-1,0,0,-1,-1,1,74560,79093,79675,88977,90377,84495,74560,7366,22954,88977,90377,9663,0
30000,2,2,2,36,0,1,1,0,0,0,6392,5665,5464,4707,4753,4264,1484,360,469,494,948,827,0
100000,2,3,2,40,0,0,-1,1,0,0,71730,67213,65744,62573,56820,57847,9005,8769,65744,1447,10136,10960,0
220000,2,2,1,37,0,0,-1,2,0,0,168628,178797,165691,146420,167471,169996,34783,10015,165691,0,36196,37978,0
130000,1,1,1,48,-2,1,1,0,0,2,0,0,0,0,0,0,0,0,0,606,1402,0,0
100000,2,2,2,43,-1,-1,0,-1,-1,-1,64189,64507,60764,54068,48139,52288,64189,64507,6511,54068,48139,52288,0
260000,2,2,1,38,1,0,-1,-1,0,0,131323,132440,121910,119877,107910,92839,4652,28298,121910,119877,30969,17088,0
50000,1,2,2,39,3,0,0,0,-1,1,35242,33231,31694,31681,31286,30530,1128,5661,5788,8233,31286,0,1
160000,1,2,1,21,0,-2,1,-1,0,1,-1212,0,0,0,83426,74185,72,0,0,1283,14696,6489,1
100000,1,1,2,35,0,0,-1,-1,-1,-2,70636,64187,66300,65005,64117,0,20795,10093,66300,65005,64117,0,0
90000,2,2,1,51,0,0,2,2,2,0,0,62932,61691,58818,64684,68670,1173,8019,0,3324,3571,12577,0
360000,2,1,2,32,-1,-1,0,0,0,-1,0,92021,90450,83890,75600,72242,1339,92021,16016,14708,6695,72242,0
90000,1,1,2,38,-1,0,0,0,-1,0,14135,12311,11209,12583,13053,12195,14135,2381,3239,3231,13053,782,0
20000,2,1,1,38,-1,-2,0,0,0,0,3323,213,2854,2706,2378,2330,3323,0,438,357,591,302,0
60000,2,2,2,21,-1,0,0,-2,-2,-2,10515,9754,11104,8,0,0,10515,1775,926,0,0,0,0
90000,2,1,1,34,1,1,0,0,0,0,48593,45056,44495,45737,45583,41940,5404,0,4879,1747,2746,12286,0
60000,2,1,1,53,1,1,0,0,0,0,-3322,-3436,-3151,-2740,-2942,41252,0,0,1291,1428,1228,3476,0
130000,2,2,2,23,-1,-1,-1,0,2,0,101196,100916,107672,98008,95713,98561,101196,100916,107672,25266,0,21843,1
110000,2,2,2,43,0,-1,0,0,-1,-1,0,0,0,0,0,66253,1091,1825,419,1654,1143,66253,0
270000,1,1,1,21,-1,2,1,-1,-1,0,171567,162771,154166,165350,152051,159023,171567,18736,4795,165350,152051,45941,0
110000,2,1,1,34,0,-2,-1,1,1,0,26863,0,27244,26661,27764,25466,5197,0,27244,2525,3252,6099,0
310000,2,2,2,34,-1,-1,0,2,-1,0,162518,173424,159342,141540,158127,147775,162518,173424,19383,0,158127,28197,1
110000,2,2,2,34,0,-1,1,-2,-1,0,23524,24165,22875,0,18330,15614,3923,24165,389,0,18330,3517,0
120000,2,2,1,21,1,1,0,1,0,0,52274,57828,51087,48018,45782,49453,1616,0,9700,5125,3131,8451,1
100000,2,2,2,26,-2,2,1,-1,0,0,0,0,0,0,0,0,0,0,0,1381,1368,1247,1
130000,1,1,2,39,0,-2,0,-1,0,0,43550,0,45702,48132,45168,45619,6508,0,11632,48132,10369,7554,0
200000,2,1,1,26,0,-1,-1,-2,-2,-2,0,0,0,0,0,0,1379,239,2715,0,0,0,0
200000,2,1,2,43,5,5,3,1,-1,-1,99431,95431,91657,88227,93011,83719,9843,1358,4023,4093,93011,83719,1
90000,2,2,1,40,-2,0,-1,0,0,0,0,55077,55647,47184,49747,47354,0,7832,55647,8267,8875,7458,0
150000,2,3,2,21,2,4,2,0,0,0,106119,101174,113525,111743,112466,120142,3008,0,3059,3372,21112,24990,1
100000,2,1,2,35,0,2,2,1,0,-2,0,0,0,0,0,0,1153,0,0,0,1037,0,1
50000,2,2,2,35,0,-1,0,0,-1,0,32157,29505,26058,28753,27855,26188,1280,29505,5933,1551,27855,4443,0
160000,2,2,2,22,1,1,-1,0,4,3,126099,115016,108714,99061,100245,91565,7773,13703,108714,9385,0,4136,0
110000,2,3,2,41,-2,-2,-1,-1,1,1,0,0,16462,16591,15737,15104,0,0,16462,16591,1521,545,1
80000,2,2,1,31,1,1,2,2,0,0,0,0,54291,48677,47845,42304,0,0,2206,2490,8254,3358,0
50000,1,2,1,35,0,-1,0,1,0,0,0,0,0,0,0,17744,1566,944,1295,0,1917,5199,0
10000,1,2,2,36,-1,0,-1,0,0,1,5894,6219,5422,4919,4357,4703,5894,800,5422,836,227,61,1
210000,2,2,2,58,0,0,-1,-1,0,1,144226,152066,137271,133334,121125,121497,5326,21726,137271,133334,4620,13708,0
210000,2,2,1,42,0,0,0,-1,0,2,197382,167326,145736,158600,150118,156289,11399,29344,10033,158600,15109,0,0
30000,2,2,2,29,1,0,1,1,-1,-1,13598,13386,13387,13758,13091,12015,1507,2876,1195,1379,13091,12015,0
180000,2,2,1,31,1,0,-1,2,1,0,56517,64916,68575,71795,69254,71484,5932,10323,68575,2712,0,5228,0
200000,1,3,2,43,0,0,0,0,0,1,89352,96827,95814,90395,103909,110827,17717,15817,16090,4587,6908,0,0
160000,2,2,1,21,0,0,0,0,0,0,59890,57196,53873,52462,47648,46902,2600,6647,2806,7825,4672,2071,0
150000,2,1,1,27,-1,0,-1,0,0,0,-849,-795,-889,-901,49677,48661,944,249,1293,1541,8635,8173,0
240000,1,2,1,40,2,4,5,5,-1,0,190293,181944,191634,201700,214599,208353,18655,10982,20831,2579,214599,23924,1
70000,1,1,2,33,-1,0,2,0,0,-1,35254,32851,34317,32128,29721,31350,35254,6066,3033,7578,1529,31350,0
300000,2,1,2,39,-1,-1,0,-2,0,-1,75735,73180,78273,0,87672,84558,75735,73180,11474,0,17515,84558,0
200000,2,1,2,23,0,0,0,1,2,2,76649,71600,81135,89495,99089,94403,14084,13692,23282,10353,2861,2208,0
200000,1,2,2,38,-1,-1,-2,0,0,0,49030,50981,225,43025,47966,48413,49030,50981,0,12797,8162,2358,0
70000,1,3,2,40,-2,1,0,-1,-1,-1,89,9570,9519,9742,10872,10990,0,861,2009,9742,10872,10990,0
50000,2,2,2,36,0,0,0,0,-1,-1,8759,8115,7276,7409,6616,6074,915,639,366,368,6616,6074,1
130000,1,2,2,21,-1,0,0,-1,-1,0,-1263,-1089,-1166,-1064,-1178,44556,2088,803,520,1668,2194,11905,0
250000,1,1,2,37,0,0,2,2,2,-1,0,0,0,0,0,0,1608,949,0,0,0,2945,0
210000,1,2,2,39,-1,0,-2,-2,-1,-2,51323,52383,237,0,42102,0,51323,1585,0,0,42102,0,0
110000,2,1,2,42,2,-2,-1,0,0,0,77834,0,80558,75583,67405,71759,5437,0,80558,9843,15210,12777,1
120000,1,1,1,39,1,0,0,0,-1,0,31605,32289,32248,29316,31346,28797,758,3227,2137,3103,31346,7164,0
90000,1,1,2,22,0,-1,0,0,0,0,44978,41496,39373,40255,37866,38971,12437,41496,1887,1517,7222,3450,0
130000,2,2,2,43,0,0,0,1,1,0,14839,14280,14396,14635,14211,14865,3701,3741,4315,366,1525,3939,0
110000,2,2,1,29,0,0,2,0,0,0,0,0,0,0,65769,56609,150,1315,0,767,10208,14590,0
110000,1,1,2,47,-2,1,1,1,0,0,0,72228,62074,57796,53750,49871,0,1130,819,1656,3826,7448,1
320000,1,2,1,37,-1,-1,-1,-1,-1,0,0,0,0,0,0,0,1553,2403,1084,519,787,43,0
90000,2,2,1,41,1,0,-2,0,1,1,33228,35004,0,42339,38101,41764,1790,9300,0,5837,1593,3418,0
120000,1,2,2,47,-1,-1,-1,-1,-1,-1,5113,5161,5274,5152,5000,4587,5113,5161,5274,5152,5000,4587,0
120000,2,2,2,49,0,0,-2,-2,0,0,16326,17319,191,0,17830,17758,2753,4970,0,0,1040,4785,0
230000,2,2,1,25,-1,1,-2,-2,-2,-2,54508,50588,0,231,0,0,54508,4307,0,0,0,0,0
30000,2,2,2,41,0,1,0,-1,0,0,16619,16702,16928,16035,16369,15192,1820,1299,3607,16035,4492,2478,0
90000,1,3,2,41,-2,-1,-1,0,0,0,0,22734,21491,22960,25750,27858,0,22734,21491,3363,7711,7308,0
100000,2,2,1,26,-1,1,0,0,0,0,56315,50982,44770,44614,45821,42659,56315,1014,12125,2789,3792,4066,0
300000,1,1,2,36,2,2,1,1,2,-1,157013,161929,166668,183105,193221,184774,5773,0,0,7716,22683,184774,1
100000,1,1,1,39,0,2,1,2,0,-1,65663,57771,57187,52449,49932,48648,19200,0,4057,3723,7554,48648,1
300000,2,2,2,52,1,0,0,0,-1,0,174788,149345,143515,141306,159758,146100,15013,42201,34626,13910,159758,21781,0
630000,1,2,2,31,1,0,-1,0,-1,0,378232,352107,347002,345949,305988,302366,0,64662,347002,36158,305988,67618,0
70000,2,2,2,29,0,0,1,1,2,1,55797,55325,51076,45873,40746,38495,2668,16180,5631,3529,0,2990,0
90000,2,3,2,25,0,0,-2,-1,0,0,18816,17256,0,18269,17145,17052,2634,3403,0,18269,2175,4439,0
180000,1,1,2,31,1,0,0,-1,-2,-2,0,0,0,0,0,0,0,1644,1115,2866,0,0,0
500000,1,1,2,53,0,1,1,1,0,0,254057,291156,332481,306527,291307,261866,73076,16109,9440,18141,28509,55095,1
110000,1,2,2,47,1,1,1,2,1,0,41956,38306,41607,43384,41610,41368,2614,3071,0,3747,3258,8867,0
210000,2,2,2,22,0,-1,0,0,0,-1,111929,107757,100254,101112,110828,99555,19508,107757,16688,20103,31533,99555,0
200000,1,4,2,35,0,2,0,0,0,0,182530,188713,172898,176192,188257,187501,36470,11285,22678,7768,37371,52621,1
300000,2,2,1,31,-1,-1,-1,-1,0,1,89376,84521,75191,77454,76437,76357,89376,84521,75191,77454,3768,1202,1
90000,2,2,2,30,2,0,0,1,0,5,73976,68041,73997,69475,64473,59426,7618,8761,19806,3965,2562,7076,1
260000,2,1,2,26,2,-1,-1,-1,-1,2,252269,233278,211870,200667,187319,198312,19460,233278,211870,200667,187319,10892,1
340000,1,2,1,31,1,0,-2,-2,-2,-1,158652,157565,0,273,224,168272,14028,42739,0,0,0,168272,0
190000,1,1,1,33,0,-1,0,0,-1,-1,115742,112173,106016,100729,96767,91102,21715,112173,20145,27641,96767,91102,0
200000,2,1,2,49,-1,-1,0,0,0,2,155980,151285,145363,129648,112210,103030,155980,151285,24309,30512,29491,12074,1
50000,1,1,1,37,0,0,0,0,0,1,38809,36076,35165,36278,34554,32616,7067,3732,7416,4308,1080,3072,0
80000,2,2,1,33,0,1,-2,0,1,0,26373,25385,0,26052,26102,23986,5141,621,0,3842,2882,2598,0
140000,2,2,1,28,1,0,-1,0,0,0,71994,72622,67537,65255,61455,60356,7380,9819,67537,3692,8350,10715,0
320000,1,1,1,37,-1,-2,-2,0,1,0,79682,290,120,79111,75884,77863,79682,0,0,19953,0,14088,0
80000,2,1,1,25,-1,0,0,3,-1,0,41260,42924,45721,47158,47918,45346,41260,2797,12400,4816,47918,12827,1
10000,1,1,2,26,1,0,0,2,1,0,4997,4532,5070,4880,4919,4829,0,219,1196,564,516,610,1
50000,1,2,1,34,0,0,2,2,2,0,35621,33255,29599,31262,30490,34798,1630,8259,1744,2898,1711,3034,1
90000,1,3,2,38,2,1,2,0,1,0,39029,38389,37556,39463,38929,42068,0,1715,2230,4355,0,1781,1
170000,2,1,2,22,-1,0,0,-1,0,0,75482,73153,69643,67523,62924,65705,75482,8135,8001,67523,1999,4999,0
10000,2,3,2,36,-2,-2,-1,0,0,0,0,0,4302,4658,5052,5733,0,0,4302,1341,1337,1383,0
300000,2,1,2,33,0,2,2,1,-1,0,205667,186866,204074,193939,194291,184379,38660,4262,0,5968,194291,14840,0
130000,2,2,3,33,0,0,0,0,0,-1,58579,66478,69296,63399,62359,65963,10157,8501,13127,4663,10921,65963,0
100000,2,2,2,29,0,-2,3,3,0,0,47233,93,50595,45917,41912,46347,7804,0,0,3799,6817,10483,0
130000,1,2,1,22,0,0,1,1,1,-2,55626,52564,53215,54643,46894,238,7432,8189,2646,3810,3280,0,0
270000,1,2,2,38,0,0,0,0,0,0,69952,65630,64289,66457,64993,60886,11230,10212,5121,15286,13086,7736,0
110000,2,3,1,41,-2,-2,0,0,-1,-1,0,0,0,0,0,0,0,0,1792,861,587,574,0
130000,2,1,2,44,1,1,1,1,0,0,0,0,0,0,0,27127,0,0,0,0,450,2743,1
100000,2,2,1,35,-2,1,1,1,0,-1,0,0,0,0,25796,23643,0,0,0,0,6246,23643,0
180000,2,2,2,33,0,1,-2,-1,-1,-1,45066,47098,0,49097,49775,54104,7262,770,0,49097,49775,54104,0
220000,2,2,1,32,-2,-1,-1,-1,-1,0,127,40126,36130,35363,30957,32018,0,40126,36130,35363,30957,6278,0
60000,2,1,2,38,0,2,1,0,0,0,0,0,0,0,24385,25682,475,0,0,1842,793,7017,0
230000,1,2,2,34,-1,0,1,1,0,0,118729,114419,128140,123597,123454,110971,118729,22731,0,5818,16249,33005,0
100000,2,1,1,35,0,0,2,-1,0,0,101032,88353,76983,70512,75870,74426,13265,17721,4331,70512,3810,4181,1
120000,2,3,1,37,0,0,-1,-2,-2,0,0,0,0,174,0,30186,977,323,461,0,0,3492,0
170000,1,2,2,43,0,0,-1,-2,0,0,91010,82026,76287,0,84513,77388,15025,14169,76287,0,13151,21447,0
80000,2,2,2,27,-1,-1,0,0,0,0,35532,33714,28705,29415,29544,32634,35532,33714,5533,3165,5063,5148,0
200000,1,3,1,42,0,3,2,0,-2,-2,128231,116560,119189,105272,0,263,13633,0,4754,18716,0,0,0
120000,2,1,1,24,0,0,0,-1,-2,-1,71455,71860,69833,74721,0,66413,3712,3886,16594,74721,0,66413,0
200000,1,1,2,30,0,0,-1,-2,-2,2,82084,90372,97841,0,0,104085,17012,22451,97841,0,0,11395,0
70000,2,2,2,24,-2,0,0,0,1,-1,0,42375,39619,34739,38747,38730,0,1910,6999,1379,4325,38730,0
130000,2,2,1,33,-1,-1,0,1,0,1,66078,67702,58722,59181,63386,54835,66078,67702,13679,0,17976,6562,0
50000,2,1,2,23,0,-2,0,1,0,8,30576,0,27101,25042,22769,24624,9160,0,7597,2060,1080,812,0
240000,1,4,2,28,-1,0,-1,0,0,0,0,0,63849,67423,74052,76024,309,132,63849,8350,4474,8733,1
290000,2,2,2,42,0,-1,-1,0,0,0,52164,52981,51260,52052,56844,51341,8355,52981,51260,6347,9088,11844,0
140000,1,2,2,32,1,0,0,0,0,2,102815,104429,94775,94578,83646,83779,6565,12553,3973,20285,24607,6673,0
360000,1,3,1,39,1,0,0,1,1,1,161485,162311,144996,150418,156425,166060,14653,38445,31550,7855,3091,16552,0
10000,2,1,1,49,0,0,0,0,0,3,4861,4859,4487,4378,4728,4764,265,203,1131,462,694,109,1
50000,2,1,2,49,-1,-1,-1,-2,2,2,30691,31988,35093,0,33126,35327,30691,31988,35093,0,447,1415,0
180000,2,2,2,50,0,-1,0,1,0,2,121449,104654,100936,111494,124197,129054,31163,104654,3870,7568,20006,6771,1
30000,2,2,1,34,-2,-2,0,0,2,1,0,0,27272,28142,25483,23454,0,0,6114,4873,2448,0,0
120000,2,1,1,21,0,-2,0,0,-1,0,80130,180,80897,77691,83160,76165,18274,0,10712,14396,83160,6426,0
140000,1,3,2,32,0,0,0,0,0,0,37360,40451,41787,39527,34368,32072,5572,8734,4837,10420,6236,9165,0
140000,1,2,1,30,-1,0,2,0,0,0,0,0,0,0,93584,82897,719,1095,0,1979,11518,23974,1
80000,1,2,1,33,1,-1,-1,-1,-1,-2,-3039,-2791,24894,25939,24521,65,0,236,24894,25939,24521,0,0
50000,1,2,2,24,-1,0,-1,-1,-1,0,5719,6481,7067,6843,6361,6484,5719,660,7067,6843,6361,1149,0
60000,2,1,2,32,-1,0,0,-2,0,-1,16720,16049,15642,0,18478,18888,16720,842,1810,0,2367,18888,0
50000,1,3,2,34,0,0,0,1,0,0,12286,11844,13496,15262,16318,17796,1813,2182,2763,952,2642,2074,0
170000,1,3,1,37,0,0,-2,-2,-2,-2,0,0,0,0,223,0,884,1586,0,0,0,0,0
110000,2,1,1,29,2,1,1,1,-2,-1,82366,83102,91120,81347,0,79440,0,3644,5964,0,0,79440,1
360000,1,3,2,45,-2,-2,-2,-1,-1,-1,0,0,0,69816,65153,62180,0,0,0,69816,65153,62180,0
30000,2,2,2,47,0,0,0,2,2,-1,15667,16881,14607,14938,16790,16752,1107,3843,951,476,1203,16752,0
220000,2,1,2,49,-1,2,0,2,2,-2,0,0,0,0,172178,138,2812,0,1589,0,10044,0,1
180000,2,2,1,28,0,-1,-1,-1,0,0,30446,32205,31733,34803,36757,37659,3217,32205,31733,34803,6981,8380,0
70000,2,3,2,36,2,-2,-1,-1,-1,-1,39941,199,34625,36618,38951,37874,747,0,34625,36618,38951,37874,0
20000,1,3,2,46,-1,-1,2,2,3,3,9839,10580,10248,9877,10493,11688,9839,10580,555,0,938,0,1
80000,2,2,2,24,0,0,2,0,0,1,79019,68919,70903,68423,61285,60672,19322,15440,0,12349,14518,0,0
150000,2,2,2,41,2,0,0,0,0,0,85456,87099,83651,80447,73135,72154,961,18512,24950,14855,19845,12200,1
100000,2,2,2,32,0,-1,0,0,0,-2,65021,60822,61907,59490,61874,0,16666,60822,6452,8584,3537,0,0
90000,2,2,2,39,0,-1,1,0,0,0,25091,24912,26804,26249,29343,29695,996,24912,1518,5632,7863,6847,0
160000,1,2,1,31,0,0,-2,1,1,-2,0,88271,0,93387,88807,0,176,14517,0,8156,10250,0,0
100000,1,1,1,46,0,0,0,1,0,0,27777,29500,31005,30587,31026,31435,6502,1041,4464,0,5566,3285,0
160000,2,2,2,29,1,1,1,0,1,0,35625,32809,33965,33025,36523,37625,2453,3677,1842,9786,2972,6200,0
120000,1,2,2,33,1,0,-1,-1,0,0,60368,65952,60870,60127,65972,65133,756,8308,60870,60127,17509,4223,0
160000,2,2,1,34,0,0,2,0,2,0,79703,71574,66720,60294,67215,73036,20617,20526,7865,9075,0,19144,1
90000,1,2,1,45,-1,0,0,0,-1,4,61823,56578,54476,54142,54912,51772,61823,3177,6014,5660,54912,0,1
30000,1,2,2,52,0,0,0,0,-1,0,11566,11750,12266,13042,12117,11655,3306,3264,674,961,12117,688,0
190000,2,3,1,54,1,2,1,0,-1,0,0,0,0,0,77448,86386,0,0,0,1187,77448,24040,0
100000,2,2,1,42,0,0,-1,0,0,0,49302,45358,44716,43383,40255,38955,8509,5406,44716,10261,2006,5935,0
220000,1,3,2,30,0,0,0,0,0,0,73393,76210,66611,75275,86713,92812,2652,22498,18825,21081,22407,11619,0
50000,1,2,2,37,1,-2,0,0,0,0,5657,119,6814,6642,6389,6034,668,0,904,789,1263,615,0
180000,2,3,2,33,0,0,-1,-1,-1,0,41495,38447,37253,32090,29413,28858,9670,2514,37253,32090,29413,3972,0
10000,2,2,1,37,1,-1,1,0,0,0,-511,-1674,-1653,-1519,0,5636,0,2153,0,1363,36,809,1
160000,2,2,2,21,1,0,-1,-1,-1,0,69673,78543,85096,74705,74876,79698,0,4038,85096,74705,74876,12216,0
300000,1,2,1,28,2,0,0,-2,-2,-1,154844,164116,162846,0,0,154708,16043,46813,10235,0,0,154708,1
100000,2,1,2,33,0,0,0,-1,-1,-1,16030,16308,17093,17372,17901,17447,4339,4641,704,17372,17901,17447,0
80000,2,2,1,38,-2,-2,0,0,0,0,0,0,48072,41648,40317,38557,0,0,8613,3917,9582,4474,0
40000,2,2,2,46,0,0,0,-2,0,0,17548,18319,19770,135,20263,17444,2016,2656,739,0,3620,2037,0
160000,2,2,1,22,0,0,0,-2,-1,0,35246,38860,39709,49,33744,35049,4347,7944,2938,0,33744,1644,0
70000,2,2,1,25,4,4,4,-1,0,0,-455,-417,-474,-410,-416,-370,0,0,0,377,553,1758,0
100000,1,1,2,39,0,1,0,0,0,0,63609,59449,59714,56323,55191,57328,18777,5869,12018,10175,9517,9688,0
130000,1,2,1,39,-1,0,0,1,1,0,69280,67226,63588,70686,65251,59632,69280,19411,3819,0,0,13777,0
50000,1,3,1,48,0,-1,-1,0,-1,0,9462,9974,9665,9893,8750,9387,1392,9974,9665,527,8750,842,0
270000,2,2,1,36,0,0,0,0,-1,0,0,0,0,0,0,102268,1087,1696,1844,262,1783,7460,0
100000,2,2,2,42,2,2,1,1,1,0,75732,68884,59531,67045,66527,73899,6799,0,5995,4750,0,16375,1
120000,2,1,1,38,0,-2,-2,-2,-2,-1,78155,0,0,72,0,54628,2822,0,0,0,0,54628,0
200000,2,3,2,40,-2,0,0,0,0,3,143,207194,199131,196053,199854,177844,0,38088,15962,47530,49740,15056,1
90000,2,1,1,36,0,-1,-1,2,2,1,51132,58168,64618,55283,54653,48711,3468,58168,64618,4123,5361,0,0
140000,2,1,2,26,3,1,0,0,2,0,0,0,59362,63352,63297,67379,0,0,5003,10768,7372,16358,1
100000,1,2,2,24,-2,-1,-1,0,-1,-2,0,58465,63158,61264,58041,70,0,58465,63158,12269,58041,0,0
150000,2,2,1,33,0,0,0,1,1,2,78018,73106,71013,72965,68775,66035,22511,14137,9561,4420,0,1355,0
200000,2,2,1,23,0,0,0,0,-1,-1,52174,47749,51497,55535,60022,64077,9103,6960,14041,15898,60022,64077,0
100000,1,2,1,35,0,2,0,0,0,-2,0,0,0,0,0,18,1430,0,1339,1291,1429,0,0
390000,1,2,2,35,0,1,1,0,0,1,232501,209830,201171,197803,196875,195110,8322,19728,22306,38470,44100,12790,1
130000,1,1,1,28,0,-1,-1,0,2,0,0,0,0,0,-281,-298,1873,1641,1468,592,0,1405,0
210000,2,2,1,46,-1,0,1,-2,0,0,0,0,0,113,75214,79932,1465,376,0,0,15033,22192,0
150000,2,1,1,31,0,-1,0,0,1,0,59012,54683,51028,46749,42529,40784,5523,54683,7791,9008,3855,6491,0
90000,1,2,1,29,-1,0,0,0,0,-1,23400,21708,21840,21854,20715,20496,23400,1537,4113,5624,5153,20496,0
90000,2,2,2,29,1,0,0,0,0,0,41600,43146,41151,43152,40562,38793,2215,10257,10140,2911,2766,10911,0
30000,1,2,1,41,0,0,0,-2,-2,-1,4554,5158,5237,245,223,5536,1214,1309,1077,0,0,5536,1
150000,2,1,2,43,-2,-2,-1,0,0,0,0,0,70348,63854,62968,56647,0,0,70348,11235,12968,4661,0
100000,2,1,2,36,2,-2,0,1,0,0,-624,0,-649,-668,29133,31915,0,0,1246,0,6687,6433,0
170000,2,2,1,25,2,0,1,2,2,-1,0,130792,120199,125532,130995,129325,0,20795,0,0,14656,129325,1
120000,2,1,1,40,-1,1,1,0,0,0,53383,52320,44947,40737,39617,42806,53383,3408,692,7216,5414,8620,0
100000,2,2,1,40,-1,-1,1,1,0,0,52821,59419,56109,55227,58509,55107,52821,59419,0,789,2454,12670,0
140000,2,1,1,29,0,1,0,-2,-2,1,31572,33362,34661,221,119,37031,7993,2689,4226,0,0,2484,0
140000,2,1,2,32,-1,0,-1,1,-1,-1,56263,51728,52959,58416,60212,57396,56263,11051,52959,4874,60212,57396,0
50000,1,2,1,41,0,0,0,1,0,0,15880,17716,17340,15708,15241,15871,3597,2945,2950,1281,730,3284,0
30000,1,1,1,43,0,0,0,0,0,0,4696,4853,4459,5133,5109,4901,1246,300,420,1349,944,1042,0
160000,2,2,1,43,0,0,-1,0,-1,2,0,0,0,0,0,84269,1931,328,1446,194,2314,6302,0
60000,2,1,2,26,0,2,-1,0,-1,0,63000,63000,63000,55852,52541,52829,10163,5413,63000,6617,52541,5550,0
240000,2,2,2,33,1,0,3,0,-1,2,171935,180035,183928,179802,170370,160671,0,37239,3969,46500,170370,0,0
180000,2,2,2,35,-2,0,-1,0,0,0,0,55229,52565,50582,51459,45274,0,4398,52565,1900,9969,7587,0
150000,2,1,2,30,-1,2,-2,-1,0,0,87460,92593,0,99824,100706,94878,87460,10417,0,99824,10667,24194,1
100000,2,2,1,21,1,0,0,1,0,-2,38565,40340,43529,43147,45660,0,1260,6417,6004,635,3949,0,1
140000,2,1,2,27,1,2,2,1,0,0,114614,100206,92827,97392,88031,80309,7130,0,6145,10889,16571,17659,0
120000,1,2,2,49,0,0,1,1,2,1,0,81085,73607,79953,76559,76943,1572,23608,1230,9063,0,3065,0
520000,1,3,1,34,0,1,-1,0,0,0,0,0,0,0,0,0,1536,0,1715,1851,357,605,0
80000,2,2,2,36,0,0,2,2,0,0,28996,32225,34614,34373,33242,37910,2140,5722,3957,0,8938,8834,1
190000,1,2,2,34,-2,0,0,0,0,-1,0,0,0,0,0,0,0,1731,1226,106,1305,1157,0
60000,2,1,1,23,-1,-1,1,1,0,0,18846,17360,14847,14525,14958,15182,18846,17360,1160,573,1914,3494,1
50000,2,2,2,31,0,0,-1,0,-2,-1,0,0,0,0,198,21682,503,1423,1683,1686,0,21682,0
120000,2,1,1,27,-2,-2,-1,-1,-2,-1,0,238,18173,17984,116,17556,0,0,18173,17984,0,17556,0
90000,2,3,1,30,-1,1,1,1,1,0,22212,20472,21160,23161,20275,18430,22212,1330,2417,1754,468,2824,0
220000,1,1,2,33,0,0,0,0,2,2,111565,104845,111921,129178,142784,131059,22572,25787,20271,30160,11256,4068,0
240000,2,2,2,40,0,0,1,1,0,0,85624,92047,85296,85098,81850,75316,11923,26264,0,4487,9784,6475,0
100000,2,2,2,26,0,-2,-2,-1,-1,0,57027,0,258,53865,54391,59246,12061,0,0,53865,54391,15871,1
100000,1,1,2,49,1,2,1,1,0,0,0,59113,55366,47656,53372,52541,0,0,5661,2274,5766,8660,1
140000,2,2,2,23,-2,-1,-1,1,-1,0,0,71556,78901,89739,84779,73806,0,71556,78901,1029,84779,13208,0
130000,1,2,2,42,0,1,1,1,2,1,51735,52841,53587,60846,55007,60823,14812,2023,0,4239,0,0,0
160000,2,1,1,36,-1,-1,1,1,1,-1,72830,73286,67209,64579,68813,72830,72830,73286,2137,5077,7255,72830,1
180000,2,1,1,28,-1,2,2,1,1,0,92618,88479,97073,88888,80280,77538,92618,0,9060,2421,3838,17688,0
140000,1,3,2,43,0,3,2,2,1,0,50535,50065,53718,55161,59545,62236,11954,5472,0,4951,0,14594,1
90000,2,2,1,31,3,0,0,0,0,0,0,0,0,0,0,42576,0,1395,1488,1167,472,9828,0
110000,2,2,1,21,-2,-2,1,0,-2,2,0,0,67206,60734,54,69430,0,0,0,15475,0,4077,0
50000,2,2,2,36,0,0,-2,1,2,3,26693,27655,0,30256,30228,31473,7206,7498,0,656,3613,2896,1
170000,2,2,1,41,0,0,0,0,-1,0,31289,32143,30695,29521,31239,29604,4645,4147,4187,3394,31239,3362,0
180000,1,1,1,36,-1,-1,0,0,0,0,0,0,0,0,0,53126,2503,2342,792,302,1010,12228,0
130000,1,1,2,21,1,0,0,-1,0,-1,-2817,-2580,-2290,-2492,-2583,17988,0,209,122,1245,1413,17988,0
150000,2,2,2,50,2,-2,1,3,0,0,87016,0,87085,93767,87959,87248,7327,0,0,2638,6149,15776,1
60000,1,1,2,43,2,1,1,1,0,2,42537,37954,36214,35602,34642,33927,4591,0,779,0,1505,0,0
170000,1,2,1,37,1,1,1,-1,-1,0,0,0,0,0,0,80795,0,0,0,2006,992,17841,0
90000,1,2,1,55,-1,1,-2,-2,-1,-2,17550,17247,0,127,14363,0,17550,1288,0,0,14363,0,1
140000,1,2,3,46,0,3,2,0,1,1,106497,119092,131782,132958,124984,120992,16115,0,0,13122,8340,3223,1
160000,2,2,2,37,0,-1,-2,0,0,0,66900,66216,0,58200,51438,46851,17350,66216,0,14328,14733,12585,0
140000,1,2,2,26,-1,1,0,0,0,0,70672,61507,56780,50757,53754,55596,70672,4323,13049,12176,4452,8954,0
90000,2,2,1,38,0,3,-2,-1,0,-1,34921,36603,0,35913,32461,35072,3101,809,0,35913,3419,35072,0
20000,2,1,1,38,-1,-1,-1,-1,0,0,6856,7880,7948,8077,7960,8606,6856,7880,7948,8077,1547,1979,0
120000,1,2,1,40,-1,-2,0,0,-1,0,75373,0,76734,69348,64404,59255,75373,0,14715,15671,64404,6371,0
90000,1,3,2,44,0,0,-2,5,5,5,87191,82504,0,75201,69435,68654,15973,4249,0,2793,4200,0,1
20000,2,1,2,31,-1,1,0,-1,-1,-1,0,7323,7676,7242,8361,8993,469,261,641,7242,8361,8993,0
190000,2,2,2,38,1,0,1,-2,-2,0,113999,120293,112488,42,0,89704,3237,10374,12365,0,0,9662,0
210000,1,2,2,37,0,0,-1,0,0,0,-2354,39285,34862,37893,35363,31838,198,4331,34862,3801,8202,2500,0
90000,1,1,2,42,0,0,0,0,0,0,33641,34517,37198,37799,37372,40654,8839,6213,8412,5240,7669,12131,0
50000,1,2,2,27,1,0,-1,-1,0,1,0,0,0,20577,21183,19989,0,1535,1941,20577,1902,1637,0
370000,2,1,3,23,-1,1,0,0,0,-1,120839,126739,117831,107643,96098,85521,120839,14265,9007,6284,17544,85521,0
110000,2,2,2,33,0,-1,-1,-2,-1,2,96013,100846,94917,0,81873,82705,3883,100846,94917,0,81873,7496,0
220000,2,2,1,39,0,-1,-1,0,-2,-2,114570,123838,127730,126279,0,0,5708,123838,127730,21599,0,0,0
200000,2,3,1,26,-1,-1,-2,-2,-2,-2,20785,21559,0,0,0,0,20785,21559,0,0,0,0,0
10000,2,2,2,44,-2,1,-2,-1,-2,-2,0,3076,0,3445,0,0,0,235,0,3445,0,0,0
310000,2,3,2,21,-2,0,0,0,0,0,219,0,63595,61411,56131,62309,0,403,11235,10920,8802,15886,0
410000,2,2,2,37,0,-2,0,0,1,0,68491,30,74277,67528,72417,71802,6563,0,19601,3335,0,13198,0
190000,2,1,2,35,0,1,0,-2,0,0,60485,56502,55614,0,46649,49278,8323,902,7623,0,9959,11675,1
160000,2,2,1,30,-2,0,0,-1,-1,0,0,27442,29079,26460,28392,29801,0,4942,1828,26460,28392,3948,0
280000,1,1,1,43,3,3,2,2,2,1,-795,233821,239527,229525,216600,241944,0,27136,18993,18528,19619,19226,1
90000,1,1,2,39,0,0,1,0,0,1,0,0,32735,32773,30367,29008,790,374,1011,5648,6126,3365,1
110000,2,1,1,35,-1,-1,-2,1,1,0,48793,48728,0,49391,53198,52564,48793,48728,0,5256,2813,12699,0
50000,1,1,1,31,0,1,1,1,-1,-2,28823,29814,32383,30968,30220,165,2375,0,1415,2893,30220,0,0
50000,2,1,1,21,0,-2,-2,-2,-2,0,16087,0,46,0,25,14218,2021,0,0,0,0,1895,0
200000,2,3,1,35,0,-1,-1,2,3,2,125580,133650,138274,138885,130825,130600,35730,133650,138274,4595,6954,4537,1
100000,2,1,1,38,-1,1,-1,-1,0,0,60186,56298,51404,57593,60982,57335,60186,1911,51404,57593,1904,7089,0
100000,2,2,1,39,1,0,0,1,-2,-2,0,0,0,0,0,0,0,1816,207,0,0,0,0
190000,2,3,1,48,-1,0,2,2,0,2,0,0,0,0,84363,78147,2410,1704,0,0,13715,6382,0
200000,2,2,2,31,0,0,0,-1,0,0,0,29867,30416,31817,33828,34407,1271,5776,3569,31817,3578,8495,0
10000,2,2,2,40,-1,0,0,-2,-1,2,5913,5322,6081,0,5678,5406,5913,501,1694,0,5678,74,1
70000,2,1,1,35,0,-1,1,1,1,0,42624,39644,39829,35141,34451,30918,7389,39644,3203,3057,3469,6346,0
180000,1,3,1,32,0,0,-1,0,0,2,146723,135641,138016,142506,149179,131552,25321,29850,138016,42463,39360,0,0
60000,2,2,1,26,-1,-1,-1,-1,-1,0,0,15569,16197,16740,14608,14723,1593,15569,16197,16740,14608,2980,0
170000,2,1,1,37,0,0,1,0,2,2,0,0,0,0,67040,71136,1847,26,0,1690,1610,3295,1
180000,1,3,2,21,0,-2,-2,0,0,0,137044,0,0,119864,125334,111689,33285,0,0,5834,5251,15760,0
120000,2,1,2,27,-1,1,1,2,2,0,0,0,0,0,0,0,2159,0,0,0,0,1999,0
240000,1,1,2,26,0,0,1,-1,-1,1,86831,78728,72672,81152,85755,94939,12299,5056,0,81152,85755,9173,0
80000,1,2,2,45,0,-2,-2,-2,-2,-2,0,132,0,0,0,0,23,0,0,0,0,0,0
80000,2,2,1,26,0,0,0,0,0,1,28496,30176,31097,33437,33664,33585,7005,7371,4822,3693,7846,898,0
210000,2,1,3,36,2,-1,0,0,0,0,0,0,0,0,138371,125678,0,2325,1131,1942,7853,5838,1
240000,2,1,1,25,0,1,0,0,-1,0,33057,34271,36186,35277,35918,36409,4262,2742,7545,6763,35918,2777,0
150000,1,1,2,42,1,1,1,2,3,3,0,0,0,0,83371,93862,0,0,0,0,9675,7853,1
50000,1,2,2,33,-1,0,2,0,-2,-1,25663,28585,29950,31111,0,32035,25663,7418,1650,1546,0,32035,0
160000,1,1,2,43,0,0,-2,5,4,4,100870,101124,0,101203,93136,93579,25564,16319,0,0,6909,10715,0
280000,1,2,1,41,0,0,0,0,0,-1,35218,32362,32092,32480,32951,32399,6040,5535,6601,8916,9852,32399,0
90000,1,1,2,26,-1,0,0,-1,2,2,67410,61607,59181,57213,55077,60174,67410,11501,5486,57213,0,7044,1
80000,1,1,2,28,0,3,0,1,2,-1,45461,41095,38527,35516,33062,33015,2879,737,6750,750,2834,33015,0
140000,2,1,2,60,-1,-1,0,0,-2,-1,49542,44441,46817,43129,14,44056,49542,44441,6000,10762,0,44056,0
500000,1,1,1,26,0,-1,1,0,0,0,198003,183778,195785,196419,183007,198463,44187,183778,15252,13081,6026,35884,0
360000,2,2,1,38,0,1,1,0,0,-2,0,0,0,0,0,163,1437,0,0,473,352,0,0
230000,2,2,1,35,-1,-2,1,-2,-2,0,45411,273,48212,0,0,42661,45411,0,941,0,0,4728,0
280000,2,3,1,38,0,0,-1,0,0,-2,112745,112442,123028,122478,126239,0,18468,25808,123028,34934,31763,0,0
380000,1,3,2,36,-1,0,0,0,-1,0,205563,211275,191421,178557,184094,189611,205563,41492,35459,47737,184094,10205,0
10000,1,2,1,52,2,1,2,-1,0,2,7051,6858,6559,6179,5634,5478,698,0,182,6179,195,463,0
70000,1,2,1,40,0,0,1,1,0,-1,11664,11915,13074,12095,13080,14255,2251,1211,0,1284,2967,14255,0
180000,1,2,1,49,1,0,0,0,-1,1,67207,73166,77664,78965,82094,88362,2762,15567,10271,16262,82094,3214,0
220000,2,1,1,36,2,2,-2,0,1,0,168334,156088,148,148321,159903,170500,16450,11730,0,14160,8975,28681,0
500000,2,1,2,40,-1,2,0,0,0,-1,0,0,0,0,283136,288135,2983,0,1818,1809,29699,288135,0
50000,1,2,2,29,0,2,0,2,2,2,20905,20797,19235,21049,20807,20450,1039,0,1127,1808,2284,843,0
170000,2,2,1,37,-1,-1,0,0,0,-2,75669,78732,80468,79437,77746,0,75669,78732,18034,19788,12497,0,0
500000,1,2,2,47,0,0,-1,-1,-1,1,93254,95943,98685,85183,79190,75726,18926,26890,98685,85183,79190,0,0
80000,2,2,2,32,-2,0,-2,-2,0,1,0,42134,0,0,36056,40580,0,8922,0,0,4161,0,0
240000,2,1,1,21,1,0,-1,0,0,0,67213,71557,80302,75551,76246,72976,3672,10358,80302,3885,19119,8804,1
110000,1,2,1,41,-1,-2,-2,-2,-1,-2,9538,142,141,0,12017,0,9538,0,0,0,12017,0,0
30000,2,2,2,32,-1,0,0,-1,4,0,11976,11495,11440,11448,11590,10603,11976,2588,3288,11448,981,1782,1
10000,2,1,1,44,3,3,1,1,-1,0,9192,8401,9098,10366,8887,8006,689,98,411,950,8887,486,1
150000,2,3,2,29,2,1,3,3,3,4,84585,77248,83214,90689,85384,91909,4549,1730,0,4703,5635,9851,1
80000,2,3,2,23,-1,-2,0,0,0,-1,0,0,0,0,0,33078,864,0,862,82,931,33078,0
90000,2,1,2,35,1,1,1,1,1,0,40175,36676,35343,35126,31423,31200,2407,3591,3137,3667,2902,2585,0
500000,2,1,1,39,-2,-1,0,0,0,0,0,184304,199407,174622,151723,144845,0,184304,25050,44922,5950,6376,0
120000,2,2,2,25,2,2,0,1,1,1,-1406,-1429,-1484,64442,74584,69310,0,0,1223,2348,2889,0,1
110000,2,1,1,32,-1,-2,-2,-1,0,0,45098,0,0,35958,35808,33531,45098,0,0,35958,6532,8019,0
240000,1,3,2,25,-1,-1,0,3,2,2,-1339,-1297,117784,121861,125130,132072,2857,2090,25560,8140,0,10395,0
340000,1,4,2,27,3,2,2,2,2,-1,175651,178200,204395,208005,190944,182079,0,5974,21418,12155,4105,182079,0
120000,1,3,1,37,-2,0,0,0,0,1,0,39724,36291,34465,37223,31978,0,4123,2611,3623,4216,2087,0
220000,1,2,1,28,2,2,0,0,0,3,224333,210791,186260,189785,191234,172030,5681,0,10303,48179,7144,15961,0
100000,1,3,1,36,0,2,2,0,0,0,84805,87337,87851,84682,78343,67535,15031,7666,3025,19185,23394,17944,0
160000,2,2,2,33,0,2,1,1,1,2,140415,146917,138624,126974,139652,125102,34646,14095,3702,0,6845,0,0
90000,2,2,2,45,1,1,0,0,0,-2,0,0,0,0,45021,0,0,0,1794,971,11046,0,0
90000,1,3,2,32,-1,0,1,0,0,0,13159,13287,14351,13958,14731,13507,13159,526,793,421,3743,3897,0
130000,1,3,2,21,-1,-1,2,0,0,0,72289,75774,73217,74342,79871,73715,72289,75774,4541,5773,13621,16655,0
110000,2,2,2,37,-2,0,0,1,0,1,0,0,20980,17983,18957,19813,0,300,883,934,1120,622,0
10000,1,2,2,34,3,3,1,1,1,0,0,-3925,0,0,0,0,0,0,0,0,0,414,1
150000,2,2,1,39,0,1,0,-2,2,2,48418,50309,57296,0,60045,56375,2924,655,13426,0,2560,0,1
180000,2,3,1,37,2,1,1,1,0,2,97435,100051,97668,84610,84959,92832,2246,1439,2638,4227,12338,9047,1
90000,1,3,2,24,0,0,0,0,-2,2,75030,73724,80952,81982,0,66424,14766,13810,13874,4315,0,5650,1
100000,1,2,2,39,0,-1,-2,-1,1,-2,18601,17368,0,14956,15586,0,1915,17368,0,14956,791,0,0
150000,2,1,2,49,0,0,1,0,0,0,30025,31637,34977,37208,34590,38208,7506,7366,0,2577,2504,4930,0
50000,1,2,2,41,1,0,0,-1,1,0,-1869,9341,9219,9618,9899,10066,0,2206,2578,9618,329,1454,0
180000,2,1,2,39,-2,-2,-2,0,0,0,0,0,0,0,0,50987,0,0,0,1058,645,7212,0
110000,1,2,1,43,0,1,0,0,0,0,0,27319,26638,25639,24806,24982,500,2790,2015,3305,7018,750,0
270000,1,2,2,39,-1,-2,-1,-1,3,2,0,188,0,113595,104108,118272,2056,0,1304,113595,2505,4226,0
80000,1,2,1,43,-1,2,2,-1,1,1,70775,71964,62465,67736,58647,53153,70775,0,3118,67736,0,2991,0
60000,2,2,1,34,0,0,0,-1,-2,-1,0,0,0,0,0,20642,1703,1164,412,777,0,20642,0
120000,2,3,1,28,0,0,0,0,0,0,0,0,0,0,0,0,1805,1534,1855,1238,660,652,0
210000,2,2,2,26,0,0,-2,-2,-1,-2,0,0,123,0,84807,0,1436,2000,0,0,84807,0,0
110000,2,3,2,40,-2,0,0,-1,1,0,231,51146,52072,51471,46762,47365,0,11637,4443,51471,3398,6840,0
130000,1,2,2,32,0,0,1,0,0,0,28296,32486,33826,37479,38071,39637,3104,2257,1707,9456,7972,6862,1
130000,1,3,1,51,-1,0,-1,-1,-1,-1,72252,67093,63528,67941,74580,72386,72252,3434,63528,67941,74580,72386,0
250000,2,2,2,41,1,1,8,7,7,0,145027,140939,149857,148157,132994,150181,5581,12816,7098,2110,0,33528,0
150000,2,2,2,37,0,0,0,0,0,0,36138,39189,38667,42659,42541,47215,5699,1883,2592,10042,11691,10867,0
90000,2,2,2,45,0,0,1,-2,-1,1,14205,14948,14079,0,15414,15029,1186,4385,1075,0,15414,286,0
50000,1,3,2,32,1,0,1,1,1,0,18684,20217,19099,18718,19263,20740,0,5920,0,1745,1007,3665,0
130000,2,2,1,27,0,0,-2,0,0,0,23527,23975,0,30960,30451,29130,1012,5790,0,1023,1346,2685,0
80000,1,1,1,24,2,-1,-1,0,0,1,0,0,0,0,24382,24636,0,2983,504,1926,5515,1358,0
300000,2,2,1,25,0,0,-1,0,2,1,195507,192738,192206,184930,203311,198031,30973,13490,192206,23438,2850,16567,1
100000,2,1,1,42,-1,0,0,0,1,-2,28549,28211,25262,24930,25901,0,28549,3019,5194,2018,2288,0,0
50000,2,2,1,30,0,0,0,1,1,0,37188,32676,29876,27683,27694,25119,3665,2829,2205,719,2357,6590,0
100000,1,2,2,42,0,-1,-2,-1,0,-1,62290,58135,197,48431,50955,45347,6824,58135,0,48431,15269,45347,0
120000,2,2,1,23,0,0,0,2,2,0,49612,50768,52596,59541,65804,69849,10557,6710,2803,5118,7142,8671,0
140000,2,2,2,23,-1,-1,-1,1,1,1,45233,39018,38627,35379,35959,32765,45233,39018,38627,0,0,0,0
180000,2,2,1,34,-1,-1,0,1,1,0,98341,92541,89174,83113,84921,83710,98341,92541,12104,1168,2028,8441,0
90000,1,2,2,21,1,-2,-1,-1,1,0,37458,163,35307,36429,35520,38152,0,0,35307,36429,0,11113,0
100000,2,1,2,32,-1,-1,4,3,2,0,57904,63344,65568,58930,60076,64374,57904,63344,1441,6064,1454,3173,1
210000,2,3,2,26,1,0,0,-1,0,0,101867,98114,90312,92846,85423,95637,0,8615,8924,92846,17451,17299,0
180000,2,1,1,34,1,0,0,-1,0,0,89668,91183,87495,87523,93437,79589,0,19170,12531,87523,17163,9836,0
180000,1,1,1,27,0,0,0,-2,-2,0,21002,22562,25141,0,0,31274,2526,2227,7194,0,0,9360,1
160000,1,1,1,38,0,0,-1,-1,0,0,103492,105690,101030,91460,92850,83635,13737,25072,101030,91460,10420,9347,0
60000,2,3,1,31,0,-2,-1,-1,-1,1,16860,0,18477,18651,19330,21315,2617,0,18477,18651,19330,323,1
140000,1,4,1,21,0,0,0,2,2,0,-2927,-2716,-3106,-3082,-3294,-3259,1692,1759,86,0,0,1243,0
100000,1,1,1,26,-1,0,0,-1,0,0,20569,19679,20325,20177,21071,19538,20569,1006,2847,20177,1797,1272,0
130000,2,1,2,32,0,0,0,0,0,0,63749,57361,62663,66799,66475,71306,18479,5935,12169,14957,12200,7901,0
200000,1,2,2,44,0,0,0,0,-1,-1,97501,105831,101954,99691,91986,87200,16553,13663,22488,11274,91986,87200,0
190000,1,1,2,24,-1,-1,0,0,0,-1,0,0,0,0,0,0,2101,308,597,526,1228,1707,0
90000,2,2,2,34,0,0,0,0,4,1,45681,42395,44017,44542,41376,43962,12763,11326,2214,9286,2199,0,0
300000,2,2,3,47,0,0,2,0,0,1,145220,134227,127003,128090,124278,137032,32722,14703,9352,35993,14385,4787,0
30000,2,1,1,21,0,0,0,1,0,0,11903,10895,10529,9759,9598,10566,2575,543,1718,108,503,2242,0
120000,2,2,2,26,-2,-2,-2,-2,-2,-2,210,0,182,0,225,0,0,0,0,0,0,0,0
50000,2,1,1,34,0,1,-2,-1,0,0,0,0,0,0,0,0,551,0,0,1388,1248,369,0
120000,2,2,2,41,0,1,4,2,-2,-1,0,0,0,48461,0,48523,1425,0,0,0,0,48523,0
150000,1,2,1,25,1,2,3,2,-2,-2,83474,80637,74965,74572,0,0,0,0,2271,0,0,0,0
160000,2,1,1,48,2,0,0,0,2,1,107819,123031,130804,121268,125365,121920,2770,22520,35267,25175,11019,8555,0
150000,2,2,2,37,0,0,0,-1,2,0,104004,105513,102602,100027,87401,91160,17989,30651,18069,100027,6056,15726,0
50000,1,1,2,49,0,0,-2,-1,0,0,12835,13901,176,12530,12346,12825,2120,2205,0,12530,649,973,0
170000,1,1,1,28,0,0,0,0,-1,-1,0,0,0,0,0,92432,1989,1325,1402,1484,1069,92432,0
130000,1,3,1,53,0,2,2,2,1,1,0,0,0,0,0,107146,577,0,0,0,0,12044,0
300000,1,2,1,23,0,0,0,0,0,2,0,238831,239229,205836,218177,233871,1018,54612,46941,58459,11039,26580,0
80000,1,2,1,35,1,-1,0,0,-1,1,39435,34154,34947,34129,39118,44918,0,34154,1246,6516,39118,1383,0
300000,2,1,2,32,0,-1,0,2,1,0,0,187206,162852,171371,175366,175372,1539,187206,22487,0,3351,35594,0
140000,2,3,1,53,0,-1,-2,0,1,1,64913,60265,5,66911,66246,61623,7635,60265,0,4433,3510,3451,0
110000,2,2,2,27,1,1,1,0,0,0,0,0,0,62265,60574,65841,0,0,0,6160,9529,9612,1
180000,2,1,1,30,0,1,1,1,0,-1,73354,71224,69349,73502,68393,73436,8255,8458,1766,0,15773,73436,0
50000,1,2,2,31,1,1,-1,-2,-2,0,0,0,0,0,0,19782,0,0,1759,0,0,4088,0
200000,1,1,2,37,0,0,0,0,0,-1,107916,108309,106056,102676,91125,93489,14481,20705,17834,9726,14948,93489,0
300000,2,1,1,28,2,2,2,0,0,0,192816,172698,183284,179567,190235,201410,4011,13046,8808,49604,46884,20286,1
120000,2,3,1,36,0,1,1,0,0,-1,0,0,0,0,0,59074,997,0,0,1496,762,59074,0
450000,2,2,2,43,0,4,-1,-1,-2,0,293091,303895,283348,310291,0,281015,45279,7366,283348,310291,0,72574,1
220000,1,3,2,21,2,2,1,0,0,-1,109394,98241,88523,98560,91579,92122,7952,0,6997,17278,22017,92122,1
190000,2,2,3,21,0,0,0,2,1,0,76907,87061,77445,77898,89424,82150,20160,18668,8646,5491,7225,8642,0
50000,2,2,2,40,1,0,-1,-1,2,0,0,0,0,28420,25438,25561,0,141,981,28420,2552,7066,0
40000,1,2,2,48,0,0,0,1,-1,2,32781,35413,36158,34262,30521,26405,3738,9191,9865,0,30521,0,1
200000,2,2,2,26,0,-2,1,0,2,0,153804,0,132674,136477,149508,132217,12475,0,6585,33350,0,11486,0
150000,1,3,1,42,-2,1,0,0,0,-2,6,0,0,59618,61131,0,0,0,1106,11353,12294,0,0
100000,2,1,1,29,-1,2,0,0,-1,0,0,0,54728,58958,59424,58314,424,0,10826,5388,59424,6805,0
160000,2,1,1,45,0,0,1,1,0,0,44160,43478,47132,50019,49241,48328,8191,11167,2827,0,11823,8504,0
60000,2,2,2,36,-2,-1,-1,0,0,-1,0,11184,10631,9351,9001,9694,0,11184,10631,1736,2259,9694,0
110000,1,2,2,39,0,-1,-1,0,0,0,56110,58938,64435,62570,65738,57911,8188,58938,64435,14744,17537,7851,0
140000,1,3,2,37,0,2,1,1,1,1,135798,139087,147000,140443,123751,118122,36578,0,15800,0,0,13658,0
310000,1,1,2,28,1,2,2,2,2,1,123797,119344,123413,138124,130853,137908,0,0,6824,5155,5135,0,0
10000,1,3,1,46,-2,0,-1,-1,-1,0,0,0,0,0,0,0,0,181,2926,2388,2250,1820,0
200000,1,1,2,45,-1,-1,-1,-1,0,0,0,0,0,0,25324,26733,2755,2320,1623,1694,6219,7843,0
110000,1,2,2,40,0,-1,1,2,1,0,104522,94265,94658,87963,84372,76296,11372,94265,0,0,8637,8324,1
80000,1,3,2,23,-1,0,1,-2,-1,0,13133,13338,12247,0,11567,11999,13133,2011,1045,0,11567,1858,1
100000,2,2,2,38,0,0,0,1,0,0,44572,45133,42260,43442,42115,44051,4177,13267,3441,3044,6552,3111,0
60000,2,1,2,37,1,0,2,0,0,0,49643,42826,44817,50084,50731,45155,0,4771,5073,1525,12947,10685,0
120000,2,1,2,22,-1,0,0,-2,0,-1,40982,41378,43405,0,41940,41622,40982,5867,12597,0,9558,41622,0
200000,1,1,1,30,0,-2,-2,0,2,0,135435,0,0,121169,112426,105255,28408,0,0,12476,0,4742,1
100000,1,2,2,53,0,0,-1,-1,0,-1,-1679,-1745,-1685,-1745,-1928,-1886,506,1765,1947,204,1078,354,0
100000,2,3,1,37,-2,0,-1,-1,-1,0,0,33377,36220,36704,35362,33671,0,6923,36220,36704,35362,9202,0
140000,2,2,2,35,-2,-1,0,0,1,0,0,-2478,-2241,-2199,80043,82109,0,1904,1049,1967,6034,16061,0
200000,2,2,1,21,-1,-1,-1,-1,-2,-2,0,0,0,0,0,0,1496,1976,2082,1758,0,0,0
230000,1,2,1,33,-2,0,1,-1,-1,0,0,0,0,0,0,0,0,692,0,1012,2375,28,0
190000,2,2,1,51,2,0,0,-1,-1,2,143600,144601,151664,156346,165940,166347,2688,32557,30391,156346,165940,0,1
100000,2,2,1,48,2,2,1,1,0,0,0,0,0,0,0,64707,0,0,0,0,681,11831,0
160000,1,2,2,36,0,3,2,2,2,1,0,0,0,0,87357,90585,1284,0,0,0,2557,10491,1
80000,2,1,1,32,0,0,0,0,0,-2,11583,12331,11299,12422,12075,294,2040,1988,2512,3022,2758,0,0
60000,2,1,1,34,2,1,0,0,0,0,42758,48969,43992,40416,37518,37524,3424,1035,12938,6870,3707,5624,1
100000,2,1,1,42,0,0,0,2,2,2,60856,53262,52610,54471,55776,51054,8524,14350,9607,2535,4561,4652,0
180000,1,2,2,23,0,0,0,0,0,-1,58058,53133,58601,64309,71293,68031,13060,9105,1767,18294,20697,68031,0
160000,1,2,2,42,0,0,1,-1,2,2,75595,80891,81455,81746,86719,88134,14758,16563,5960,81746,10065,3847,0
130000,2,1,2,40,0,0,2,1,1,0,42825,43263,39630,40507,36393,40416,12316,9748,3258,3830,3668,8313,0
120000,2,1,2,42,2,-1,2,2,-2,0,78445,74854,72075,79839,93,80571,4808,74854,8260,1899,0,5845,0
10000,2,1,1,26,1,0,-1,0,1,-1,6683,6380,6038,6302,6062,5547,691,1785,6038,1573,503,5547,0
150000,2,1,2,26,0,-1,0,0,2,0,67938,63692,61183,57393,61518,58246,14045,63692,2007,15667,3077,6219,0
150000,1,2,2,41,0,0,1,-1,-1,0,29351,27948,27431,23279,23273,24432,6432,1195,1724,23279,23273,1975,0
150000,1,1,2,49,0,-1,0,-2,0,0,28475,31505,31625,194,30679,27856,3159,31505,1191,0,3580,7109,0
80000,2,2,1,42,1,1,1,0,-1,0,0,0,0,0,0,37000,0,0,0,1840,848,8228,0
50000,1,3,1,25,0,0,0,0,0,0,0,0,0,0,0,0,1569,486,669,1190,24,1457,0
30000,2,2,2,37,1,1,1,1,-2,3,21940,21879,18878,17688,0,17628,0,1051,582,0,0,1547,1
120000,2,1,2,52,0,0,0,-1,-1,-1,0,49920,49957,53029,53066,51358,385,3199,6469,53029,53066,51358,0
70000,1,2,1,31,2,1,1,2,2,1,42884,39010,42383,42034,48191,44228,0,1059,0,2029,3176,0,0
100000,2,1,1,33,-2,0,0,1,1,0,0,10732,11690,12356,10973,10711,0,2320,616,680,124,2638,0
100000,2,1,2,31,1,0,1,1,1,0,45215,40283,40812,39045,43703,42532,0,4769,2223,997,2299,11295,0
120000,2,1,2,44,-1,1,-1,0,0,-1,31978,32804,28482,29029,28154,27644,31978,986,28482,6839,5529,27644,0
130000,1,1,2,36,0,-2,-2,-2,-2,0,68962,0,0,204,0,63478,2640,0,0,0,0,7321,0
130000,1,2,2,55,0,1,1,0,0,0,42146,38887,44036,45695,46717,49096,10696,971,0,10073,9139,2153,0
40000,2,1,2,43,-1,0,0,1,-1,-1,20027,22512,23017,23377,20281,20219,20027,1293,2198,780,20281,20219,0
160000,2,1,2,31,0,1,1,-1,0,-1,47774,45664,48520,42403,43017,46487,6909,1562,3003,42403,4764,46487,0
220000,2,1,1,30,0,0,-1,-2,-2,0,-337,-365,-334,0,0,74602,1520,889,264,0,0,10933,0
140000,1,1,1,21,0,-2,-1,0,0,1,0,17,0,36079,40230,35782,1299,0,592,6719,6517,2075,0
110000,2,2,2,24,1,1,1,1,0,-1,0,0,0,0,0,0,0,0,0,0,880,1429,0
250000,2,1,2,39,1,1,0,0,0,0,108141,102942,95112,99849,94111,84552,0,1431,17496,7191,3416,17468,0
140000,1,2,2,54,2,0,2,1,0,2,130105,117025,111433,115325,114438,117316,3394,30713,1233,0,24378,0,1
110000,1,1,1,26,0,0,0,1,1,0,55753,54730,48128,45871,46149,45439,7182,5178,9064,3214,3101,8264,0
500000,1,1,1,46,0,0,0,0,0,0,166758,186179,163722,167778,154879,155437,46377,25437,38124,36045,5871,28169,0
100000,1,2,2,42,-1,0,0,0,0,-1,0,0,55361,48071,43530,45226,398,145,7799,3461,11140,45226,0
300000,1,1,2,39,0,1,0,0,-1,0,67979,60054,63615,61799,57349,52367,5659,0,16003,12472,57349,3810,0
30000,2,3,1,46,-2,-1,0,0,-1,0,0,0,0,0,11795,10921,0,2422,164,1798,11795,2584,0
170000,2,2,2,44,0,0,-2,-2,-2,0,87201,89319,0,0,95,68933,23339,12709,0,0,0,4391,0
390000,1,1,1,34,0,0,0,-1,0,1,0,0,141645,150738,133105,148965,1212,1361,29173,150738,9792,2336,0
450000,1,1,2,31,0,1,1,-1,-1,0,105246,110107,102258,109829,97794,94237,14908,1279,6713,109829,97794,25221,0
50000,2,1,2,21,0,0,0,1,1,-2,24798,23284,25651,27797,25518,0,3760,4641,4689,2378,1398,0,0
120000,1,1,2,43,-1,0,1,1,1,1,47617,50201,44675,40003,39613,37169,47617,7901,896,3830,1940,388,0
80000,1,4,2,44,-1,0,2,1,2,2,-1037,-976,-1013,-953,36445,42275,402,91,0,0,2518,1854,0
70000,2,2,1,54,0,3,3,2,2,2,0,0,0,25063,24582,24806,1014,0,0,2472,0,0,0
10000,1,1,2,40,0,1,1,-1,-2,-2,0,0,4224,4624,0,0,922,0,81,4624,0,0,0
100000,1,1,1,47,0,0,-2,-2,-2,0,0,0,67,132,0,0,1385,197,0,0,0,199,0
140000,2,1,2,31,0,1,2,-1,0,-1,85401,81932,74034,66603,76331,86371,11197,7786,4313,66603,21575,86371,1
380000,2,1,2,37,1,0,0,1,1,2,186275,174242,151858,133538,141879,135084,20341,29427,9880,0,12933,8923,0
50000,2,3,2,42,0,0,0,-1,0,-1,3342,3747,3351,3627,3946,4432,334,1112,215,3627,933,4432,0
190000,2,2,2,50,0,1,1,1,1,0,24210,25245,28612,29145,30552,30560,6128,3026,2440,1965,1109,7180,0
110000,1,2,1,22,1,0,-1,0,0,0,31980,28855,25596,25052,21887,22931,472,3962,25596,2160,798,6829,1
100000,2,1,1,40,-1,0,8,8,8,0,53737,58093,53993,57503,54807,47995,53737,11929,1575,6143,0,13448,0
20000,2,2,1,37,-1,2,0,0,0,0,0,0,0,0,11325,9729,762,0,1039,1878,2792,1827,0
60000,1,1,2,39,1,1,1,-2,0,0,41738,37367,34015,102,36667,37329,4392,0,2763,0,7734,10216,0
190000,1,3,1,21,0,0,-1,1,0,2,89869,92475,95753,94838,98089,89987,25888,12596,95753,9678,14630,6271,0
290000,1,2,2,33,0,-1,-1,-1,0,0,81902,87434,80312,81975,91249,87698,11415,87434,80312,81975,25325,9864,0
100000,2,2,1,53,0,0,0,0,0,0,21507,23204,25664,27594,27132,30120,1717,5288,3626,3187,7602,2544,0
90000,2,2,2,38,-1,0,1,0,0,1,10331,11209,10862,11880,12177,11835,10331,343,0,2507,3035,1320,0
150000,2,2,1,36,0,4,4,4,-1,0,72002,72719,70215,79359,73949,75631,17204,5707,4445,1333,73949,17538,1
500000,2,2,1,28,-1,-1,2,2,-2,0,261591,252130,257816,287568,53,254190,261591,252130,25667,22893,0,54066,0
50000,2,2,1,28,-2,0,0,-1,-1,0,0,25085,26883,25048,27127,28133,0,1947,5419,25048,27127,5506,0
130000,2,2,2,38,-1,0,0,0,0,0,0,0,0,0,0,63615,1321,1325,1616,997,1161,15294,0
50000,2,1,2,41,-1,7,0,-1,-1,-1,25431,26067,26090,22907,21453,22598,25431,605,7551,22907,21453,22598,0
130000,2,3,2,23,0,0,-1,-2,-2,-2,39597,36560,34544,175,285,0,5391,6602,34544,0,0,0,0
130000,1,2,2,54,-1,-2,0,3,2,-1,0,70,0,59680,58891,59671,1059,0,602,3252,609,59671,1
110000,2,1,2,21,2,1,1,1,0,0,0,0,54335,61706,56896,62636,0,0,1710,5940,2998,9681,0
50000,2,3,1,39,0,0,0,0,0,0,0,0,0,0,0,17922,82,927,1972,832,240,1457,0
50000,1,1,1,28,-1,0,1,0,0,0,25272,28705,25753,23006,23692,24970,25272,5708,0,1316,3951,4737,0
120000,1,2,1,21,1,0,-1,0,0,0,66147,61931,57167,54406,56245,50195,0,2136,57167,5648,6205,8096,0
110000,2,2,1,29,0,0,0,-1,-1,-1,28580,31224,28566,28830,28483,26996,8421,4453,4066,28830,28483,26996,0
10000,2,2,1,35,0,2,-1,0,0,-1,8639,7485,7152,7648,7882,7889,1590,0,7152,1163,1608,7889,1
180000,1,2,1,34,-1,-1,1,-1,-2,0,75761,81834,75485,79341,0,71827,75761,81834,5238,79341,0,3614,0
140000,1,2,2,42,0,0,-1,3,2,2,55701,59962,62757,69314,64213,63833,15331,7018,62757,0,5399,0,1
130000,2,1,3,37,-1,2,2,2,0,0,114877,98324,91997,85147,90254,94239,114877,10597,7918,6628,25428,10168,0
110000,2,1,2,37,2,0,0,1,1,-2,0,0,0,68391,61704,0,0,1811,199,4410,0,0,0
150000,2,4,1,42,0,0,1,0,0,0,27938,31045,31284,29110,30821,31241,1256,7837,0,6345,5284,9364,0
60000,2,2,2,40,1,1,0,0,0,-1,0,0,6715,7088,7042,8027,0,0,1916,1383,595,8027,0
220000,2,4,1,36,-1,0,-2,-2,-1,0,0,0,0,0,77727,81665,753,884,0,0,77727,8546,0
190000,1,3,2,34,-1,-1,-1,-1,-1,-1,41557,39936,41026,39150,37521,37150,41557,39936,41026,39150,37521,37150,0
100000,2,1,2,44,-1,0,1,1,0,0,34825,37397,34047,35538,40572,41581,34825,9011,758,2270,8390,10630,0
80000,1,2,2,36,1,0,0,-1,-2,0,59878,51018,52760,51987,0,53828,2213,2318,5527,51987,0,7639,0
300000,2,2,2,33,0,-1,-1,0,0,0,154678,133263,132414,139765,140376,130139,6659,133263,132414,39620,40936,19875,0
70000,2,1,2,34,2,-2,-1,-1,-1,0,0,0,0,0,33462,35391,0,0,2749,1581,33462,5441,1
110000,2,3,2,55,0,0,0,0,1,0,93436,87456,81929,88897,87815,79559,20293,13995,7234,3835,8013,8876,0
10000,2,1,1,48,2,2,-1,-1,0,0,7854,7307,8346,7701,7280,8200,678,630,8346,7701,1543,882,1
120000,2,2,1,40,-1,1,0,0,-1,-1,64999,66153,61907,68763,62406,58604,64999,3161,9108,6581,62406,58604,0
230000,1,2,2,34,0,-2,0,-2,-1,0,118799,0,114612,0,103961,97348,30811,0,7539,0,103961,9840,0
50000,2,2,2,24,-1,0,0,1,1,0,26144,27367,27571,25409,26830,27731,26144,1079,1062,1878,428,5224,0
80000,2,1,1,35,0,3,2,0,3,0,48473,51658,52398,50974,43738,40616,2463,0,3306,6483,1193,11522,1
110000,2,2,2,27,0,-2,-2,2,0,0,115500,0,0,91209,97148,83668,8009,0,0,8535,26527,19571,1
70000,1,2,2,36,1,1,0,1,0,-1,51552,47061,46260,42672,39007,41226,4351,3333,9847,4080,4018,41226,1
110000,2,1,2,32,0,0,0,2,0,1,40889,43854,44684,40130,39766,41335,7460,6665,9395,4383,2407,4360,0
100000,2,2,1,41,0,0,2,0,1,0,47585,50250,52463,49348,48788,51112,13172,13510,4552,9129,2721,7225,1
